year,month,day,team_1_code,team_2_code,tournament_code,host_code,team_1_rank,team_2_rank,team_1_rating,team_2_rating,team_1_win_expectancy,draw_points_exchange,team_1_win_by_1_points,team_2_win_by_1_points,team_1_win_by_2_points,team_2_win_by_2_points,team_1_win_by_3_points,team_2_win_by_3_points,team_1_win_by_4_points,team_2_win_by_4_points,team_1_win_by_5_points,team_2_win_by_5_points,match_date,extracted_at,source
2026,6,7,CO,JO,F,US,7,50,1977,1685,84.0,-7,3,17,5,25,5,30,6,32,6,34,2026-06-07,2026-06-07T21:49:51,https://www.eloratings.net/fixtures.tsv
2026,6,8,BT,LK,F,TH,228,205,631,827,24.0,5,15,5,23,7,26,9,28,9,30,10,2026-06-08,2026-06-07T21:49:51,https://www.eloratings.net/fixtures.tsv
2026,6,8,KM,GQ,F,MA,113,104,1363,1391,46.0,1,11,9,16,14,19,16,20,17,22,18,2026-06-08,2026-06-07T21:49:51,https://www.eloratings.net/fixtures.tsv
2026,6,8,FR,EI,F,FR,3,64,2062,1607,96.0,-9,1,19,1,29,1,34,1,36,2,38,2026-06-08,2026-06-07T21:49:51,https://www.eloratings.net/fixtures.tsv
2026,6,8,MR,NE,F,MA,130,102,1317,1394,39.0,2,12,8,18,12,21,14,23,15,24,16,2026-06-08,2026-06-07T21:49:51,https://www.eloratings.net/fixtures.tsv
2026,6,8,NL,UZ,F,US,8,40,1944,1718,79.0,-6,4,16,6,24,7,28,8,29,9,31,2026-06-08,2026-06-07T21:49:51,https://www.eloratings.net/fixtures.tsv
2026,6,8,NO,SQ,F,US,11,26,1914,1782,68.0,-4,6,14,10,20,11,24,12,26,13,27,2026-06-08,2026-06-07T21:49:51,https://www.eloratings.net/fixtures.tsv
2026,6,8,PE,ES,F,MX,46,1,1701,2155,7.0,9,19,1,28,2,33,2,35,3,37,3,2026-06-08,2026-06-07T21:49:51,https://www.eloratings.net/fixtures.tsv
2026,6,9,BN,TL,SEQ,MY,232,219,592,714,33.0,7,27,13,40,20,47,23,50,25,53,27,2026-06-09,2026-06-07T21:49:51,https://www.eloratings.net/fixtures.tsv
2026,6,9,EE,LT,BLC,EE,118,143,1352,1286,72.0,-7,8,22,12,33,15,38,16,41,17,43,2026-06-09,2026-06-07T21:49:51,https://www.eloratings.net/fixtures.tsv
2026,6,9,LV,FO,BLC,LV,134,112,1305,1368,55.0,-2,13,17,20,25,23,29,25,31,27,33,2026-06-09,2026-06-07T21:49:51,https://www.eloratings.net/fixtures.tsv
2026,6,9,AO,CF,F,MA,75,151,1537,1241,85.0,-7,3,17,5,25,5,30,6,32,6,34,2026-06-09,2026-06-07T21:49:51,https://www.eloratings.net/fixtures.tsv
2026,6,9,AR,IS,F,US,2,70,2114,1569,96.0,-9,1,19,1,29,1,34,2,36,2,38,2026-06-09,2026-06-07T21:49:51,https://www.eloratings.net/fixtures.tsv
2026,6,9,AM,MD,F,AM,107,148,1378,1265,77.0,-5,5,15,7,23,8,27,9,29,9,31,2026-06-09,2026-06-07T21:49:51,https://www.eloratings.net/fixtures.tsv
2026,6,9,AZ,SM,F,HU,128,206,1321,826,95.0,-9,1,19,2,28,2,33,2,35,2,38,2026-06-09,2026-06-07T21:49:51,https://www.eloratings.net/fixtures.tsv
2026,6,9,BY,BF,F,BY,79,78,1525,1526,64.0,-3,7,13,11,19,13,22,14,24,14,26,2026-06-09,2026-06-07T21:49:51,https://www.eloratings.net/fixtures.tsv
2026,6,9,BJ,TG,F,MA,94,116,1428,1356,60.0,-2,8,12,12,18,14,21,15,23,16,24,2026-06-09,2026-06-07T21:49:51,https://www.eloratings.net/fixtures.tsv
2026,6,9,KH,HK,F,KH,204,168,849,1122,27.0,5,15,5,22,8,26,9,27,10,29,11,2026-06-09,2026-06-07T21:49:51,https://www.eloratings.net/fixtures.tsv
2026,6,9,CL,CD,F,FR,44,54,1708,1661,57.0,-1,9,11,13,17,15,20,16,21,17,23,2026-06-09,2026-06-07T21:49:51,https://www.eloratings.net/fixtures.tsv
2026,6,9,CN,TH,F,CN,94,109,1428,1372,71.0,-4,6,14,9,21,10,25,11,27,12,28,2026-06-09,2026-06-07T21:49:51,https://www.eloratings.net/fixtures.tsv
2026,6,9,ET,MW,F,ET,139,153,1291,1235,71.0,-4,6,14,9,21,10,25,11,27,12,28,2026-06-09,2026-06-07T21:49:51,https://www.eloratings.net/fixtures.tsv
2026,6,9,GH,HN,F,US,81,69,1510,1570,41.0,2,12,8,18,12,20,15,22,16,23,17,2026-06-09,2026-06-07T21:49:51,https://www.eloratings.net/fixtures.tsv
2026,6,9,HU,KZ,F,HU,45,92,1707,1431,90.0,-8,2,18,3,27,4,31,4,34,4,36,2026-06-09,2026-06-07T21:49:51,https://www.eloratings.net/fixtures.tsv
2026,6,9,ID,MZ,GRD,ID,115,118,1362,1352,65.0,-5,10,20,16,29,18,34,20,37,21,39,2026-06-09,2026-06-07T21:49:51,https://www.eloratings.net/fixtures.tsv
2026,6,9,IQ,VE,F,US,60,39,1618,1722,35.0,3,13,7,19,11,23,12,24,13,26,14,2026-06-09,2026-06-07T21:49:51,https://www.eloratings.net/fixtures.tsv
2026,6,9,KG,PS,F,KG,136,85,1293,1467,40.0,2,12,8,18,12,21,14,23,15,24,16,2026-06-09,2026-06-07T21:49:51,https://www.eloratings.net/fixtures.tsv
2026,6,9,LR,SL,F,LR,139,117,1291,1354,55.0,-1,9,11,13,17,16,19,17,21,18,22,2026-06-09,2026-06-07T21:49:51,https://www.eloratings.net/fixtures.tsv
2026,6,9,PH,MM,FT,PH,162,187,1169,993,83.0,-10,5,25,8,37,9,44,10,47,10,50,2026-06-09,2026-06-07T21:49:51,https://www.eloratings.net/fixtures.tsv
2026,6,9,RU,TT,F,RU,30,105,1770,1388,94.0,-9,1,19,2,28,2,33,2,35,2,38,2026-06-09,2026-06-07T21:49:51,https://www.eloratings.net/fixtures.tsv
2026,6,9,SA,SN,F,US,70,21,1569,1867,15.0,7,17,3,25,5,30,5,32,6,34,6,2026-06-09,2026-06-07T21:49:51,https://www.eloratings.net/fixtures.tsv
2026,6,9,TJ,IN,F,TJ,141,168,1290,1122,82.0,-6,4,16,5,25,6,29,7,31,7,33,2026-06-09,2026-06-07T21:49:51,https://www.eloratings.net/fixtures.tsv
2026,6,9,VU,FJ,F,VU,170,173,1121,1101,67.0,-3,7,13,10,20,12,23,13,25,13,27,2026-06-09,2026-06-07T21:49:51,https://www.eloratings.net/fixtures.tsv
2026,6,10,PK,AF,DJB,MV,202,188,880,990,35.0,5,20,10,29,16,34,18,37,20,39,21,2026-06-10,2026-06-07T21:49:51,https://www.eloratings.net/fixtures.tsv
2026,6,10,DZ,BO,F,US,32,58,1760,1633,68.0,-4,6,14,10,20,11,24,12,25,13,27,2026-06-10,2026-06-07T21:49:51,https://www.eloratings.net/fixtures.tsv
2026,6,10,CR,EN,F,US,63,4,1611,2021,9.0,8,18,2,27,3,32,3,34,3,37,3,2026-06-10,2026-06-07T21:49:51,https://www.eloratings.net/fixtures.tsv
2026,6,10,GD,IR,F,MX,174,29,1098,1772,2.0,10,20,0,29,1,34,1,37,1,39,1,2026-06-10,2026-06-07T21:49:51,https://www.eloratings.net/fixtures.tsv
2026,6,10,PT,NG,F,PT,6,30,1986,1770,86.0,-7,3,17,4,26,5,30,5,32,6,34,2026-06-10,2026-06-07T21:49:51,https://www.eloratings.net/fixtures.tsv
2026,6,11,CZ,KR,WC,MX,35,33,1740,1758,47.0,2,32,28,47,43,55,50,59,53,63,57,2026-06-11,2026-06-07T21:49:51,https://www.eloratings.net/fixtures.tsv
2026,6,11,MX,ZA,WC,MX,18,77,1875,1528,93.0,-26,4,56,6,84,7,98,8,105,9,111,2026-06-11,2026-06-07T21:49:51,https://www.eloratings.net/fixtures.tsv
2026,6,11,ZN,UG,F,ZN,128,102,1321,1394,54.0,-1,9,11,14,16,16,19,17,20,18,22,2026-06-11,2026-06-07T21:49:51,https://www.eloratings.net/fixtures.tsv
2026,6,12,CA,BA,WC,CA,25,65,1788,1595,84.0,-21,9,51,14,76,16,89,18,95,19,101,2026-06-12,2026-06-07T21:49:51,https://www.eloratings.net/fixtures.tsv
2026,6,12,US,PY,WC,US,38,22,1726,1833,49.0,1,31,29,46,44,54,51,57,55,61,59,2026-06-12,2026-06-07T21:49:51,https://www.eloratings.net/fixtures.tsv
2026,6,13,AU,TR,WC,CA,28,12,1777,1911,32.0,11,41,19,62,28,72,33,77,36,82,38,2026-06-13,2026-06-07T21:49:51,https://www.eloratings.net/fixtures.tsv
2026,6,13,BR,MA,WC,US,5,24,1991,1827,72.0,-13,17,43,25,65,29,76,32,81,34,86,2026-06-13,2026-06-07T21:49:51,https://www.eloratings.net/fixtures.tsv
2026,6,13,HT,SQ,WC,US,73,26,1548,1782,21.0,18,48,12,71,19,83,22,89,23,95,25,2026-06-13,2026-06-07T21:49:51,https://www.eloratings.net/fixtures.tsv
2026,6,13,QA,CH,WC,US,97,17,1421,1891,6.0,26,56,4,84,6,98,7,105,7,112,8,2026-06-13,2026-06-07T21:49:51,https://www.eloratings.net/fixtures.tsv
2026,6,14,CW,DE,WC,US,91,10,1434,1932,5.0,27,57,3,85,5,99,6,106,6,114,6,2026-06-14,2026-06-07T21:49:51,https://www.eloratings.net/fixtures.tsv
2026,6,14,EC,CI,WC,US,9,49,1938,1695,80.0,-18,12,48,18,72,21,84,22,90,24,96,2026-06-14,2026-06-07T21:49:51,https://www.eloratings.net/fixtures.tsv
2026,6,14,JP,NL,WC,US,14,8,1906,1944,45.0,3,33,27,50,40,58,47,62,50,67,53,2026-06-14,2026-06-07T21:49:51,https://www.eloratings.net/fixtures.tsv
2026,6,14,SE,TN,WC,MX,42,59,1712,1628,62.0,-7,23,37,34,56,40,65,43,70,46,74,2026-06-14,2026-06-07T21:49:51,https://www.eloratings.net/fixtures.tsv
2026,6,15,BE,EG,WC,US,15,48,1893,1696,76.0,-15,15,45,22,68,26,79,27,85,29,91,2026-06-15,2026-06-07T21:49:51,https://www.eloratings.net/fixtures.tsv
2026,6,15,CV,ES,WC,US,68,1,1578,2155,3.0,28,58,2,87,3,101,4,109,4,116,4,2026-06-15,2026-06-07T21:49:51,https://www.eloratings.net/fixtures.tsv
2026,6,15,IR,NZ,WC,US,29,72,1772,1562,77.0,-16,14,46,21,69,24,81,26,87,28,92,2026-06-15,2026-06-07T21:49:51,https://www.eloratings.net/fixtures.tsv
2026,6,15,SA,UY,WC,US,70,16,1569,1892,13.0,22,52,8,78,12,91,14,97,15,104,16,2026-06-15,2026-06-07T21:49:51,https://www.eloratings.net/fixtures.tsv
2026,6,16,DZ,AR,WC,US,32,2,1760,2114,12.0,23,53,7,80,10,93,12,100,13,106,14,2026-06-16,2026-06-07T21:49:51,https://www.eloratings.net/fixtures.tsv
2026,6,16,AT,JO,WC,US,23,50,1830,1685,70.0,-12,18,42,27,63,32,73,34,78,36,84,2026-06-16,2026-06-07T21:49:51,https://www.eloratings.net/fixtures.tsv
2026,6,16,FR,SN,WC,US,3,21,2062,1867,75.0,-15,15,45,22,68,26,79,28,85,29,91,2026-06-16,2026-06-07T21:49:51,https://www.eloratings.net/fixtures.tsv
2026,6,16,IQ,NO,WC,US,60,11,1618,1914,15.0,21,51,9,76,14,89,16,95,17,102,18,2026-06-16,2026-06-07T21:49:51,https://www.eloratings.net/fixtures.tsv
2026,6,17,CO,UZ,WC,MX,7,40,1977,1718,82.0,-19,11,49,17,73,19,86,21,92,22,98,2026-06-17,2026-06-07T21:49:51,https://www.eloratings.net/fixtures.tsv
2026,6,17,HR,EN,WC,US,12,4,1911,2021,35.0,9,39,21,59,31,69,36,73,39,78,42,2026-06-17,2026-06-07T21:49:51,https://www.eloratings.net/fixtures.tsv
2026,6,17,CD,PT,WC,US,54,6,1661,1986,13.0,22,52,8,78,12,91,14,97,15,104,16,2026-06-17,2026-06-07T21:49:51,https://www.eloratings.net/fixtures.tsv
2026,6,17,GH,PA,WC,CA,81,37,1510,1730,22.0,17,47,13,70,20,82,23,88,25,94,26,2026-06-17,2026-06-07T21:49:51,https://www.eloratings.net/fixtures.tsv
2026,6,18,BA,CH,WC,US,65,17,1595,1891,15.0,21,51,9,76,14,89,16,95,17,102,18,2026-06-18,2026-06-07T21:49:51,https://www.eloratings.net/fixtures.tsv
2026,6,18,CA,QA,WC,CA,25,97,1788,1421,94.0,-26,4,56,6,84,7,98,7,105,8,112,2026-06-18,2026-06-07T21:49:51,https://www.eloratings.net/fixtures.tsv
2026,6,18,CZ,ZA,WC,US,35,77,1740,1528,77.0,-16,14,46,21,69,24,81,26,87,27,93,2026-06-18,2026-06-07T21:49:51,https://www.eloratings.net/fixtures.tsv
2026,6,18,MX,KR,WC,MX,18,33,1875,1758,78.0,-17,13,47,20,70,23,82,25,87,27,93,2026-06-18,2026-06-07T21:49:51,https://www.eloratings.net/fixtures.tsv
2026,6,19,BR,HT,WC,US,5,73,1991,1548,93.0,-26,4,56,7,83,8,97,8,104,9,111,2026-06-19,2026-06-07T21:49:51,https://www.eloratings.net/fixtures.tsv
2026,6,19,MA,SQ,WC,US,24,26,1827,1782,56.0,-4,26,34,39,51,46,59,49,63,52,68,2026-06-19,2026-06-07T21:49:51,https://www.eloratings.net/fixtures.tsv
2026,6,19,PY,TR,WC,US,22,12,1833,1911,39.0,7,37,23,55,35,64,41,69,44,73,47,2026-06-19,2026-06-07T21:49:51,https://www.eloratings.net/fixtures.tsv
2026,6,19,US,AU,WC,US,38,28,1726,1777,57.0,-4,26,34,39,51,45,60,48,64,52,68,2026-06-19,2026-06-07T21:49:51,https://www.eloratings.net/fixtures.tsv
2026,6,20,CW,EC,WC,US,91,9,1434,1938,5.0,27,57,3,85,5,100,5,107,6,114,6,2026-06-20,2026-06-07T21:49:51,https://www.eloratings.net/fixtures.tsv
2026,6,20,DE,CI,WC,CA,10,49,1932,1695,80.0,-18,12,48,18,72,21,84,23,90,24,96,2026-06-20,2026-06-07T21:49:51,https://www.eloratings.net/fixtures.tsv
2026,6,20,JP,TN,WC,MX,14,59,1906,1628,83.0,-20,10,50,15,75,18,87,19,94,20,100,2026-06-20,2026-06-07T21:49:51,https://www.eloratings.net/fixtures.tsv
2026,6,20,NL,SE,WC,US,8,42,1944,1712,79.0,-18,12,48,19,71,22,83,23,89,25,95,2026-06-20,2026-06-07T21:49:51,https://www.eloratings.net/fixtures.tsv
2026,6,21,BE,IR,WC,US,15,29,1893,1772,67.0,-10,20,40,30,60,35,70,37,75,40,80,2026-06-21,2026-06-07T21:49:51,https://www.eloratings.net/fixtures.tsv
2026,6,21,CV,UY,WC,US,68,16,1578,1892,14.0,22,52,8,77,13,90,15,97,16,103,17,2026-06-21,2026-06-07T21:49:51,https://www.eloratings.net/fixtures.tsv
2026,6,21,EG,NZ,WC,CA,48,72,1696,1562,68.0,-11,19,41,28,62,33,72,36,77,38,82,2026-06-21,2026-06-07T21:49:51,https://www.eloratings.net/fixtures.tsv
2026,6,21,SA,ES,WC,US,70,1,1569,2155,3.0,28,58,2,87,3,102,3,109,4,116,4,2026-06-21,2026-06-07T21:49:51,https://www.eloratings.net/fixtures.tsv
2026,6,22,DZ,JO,WC,US,32,50,1760,1685,61.0,-6,24,36,35,55,41,64,44,68,47,73,2026-06-22,2026-06-07T21:49:51,https://www.eloratings.net/fixtures.tsv
2026,6,22,AR,AT,WC,US,2,23,2114,1830,84.0,-20,10,50,15,75,17,88,18,94,20,100,2026-06-22,2026-06-07T21:49:51,https://www.eloratings.net/fixtures.tsv
2026,6,22,FR,IQ,WC,US,3,60,2062,1618,93.0,-26,4,56,6,84,8,97,8,104,9,111,2026-06-22,2026-06-07T21:49:51,https://www.eloratings.net/fixtures.tsv
2026,6,22,NO,SN,WC,US,11,21,1914,1867,57.0,-4,26,34,39,51,45,60,49,64,52,68,2026-06-22,2026-06-07T21:49:51,https://www.eloratings.net/fixtures.tsv
2026,6,23,CO,CD,WC,MX,7,54,1977,1661,86.0,-22,8,52,13,77,15,90,16,97,17,103,2026-06-23,2026-06-07T21:49:51,https://www.eloratings.net/fixtures.tsv
2026,6,23,HR,PA,WC,CA,12,37,1911,1730,74.0,-14,16,44,23,67,27,78,29,83,31,89,2026-06-23,2026-06-07T21:49:51,https://www.eloratings.net/fixtures.tsv
2026,6,23,EN,GH,WC,US,4,81,2021,1510,95.0,-27,3,57,5,85,5,100,6,107,6,114,2026-06-23,2026-06-07T21:49:51,https://www.eloratings.net/fixtures.tsv
2026,6,23,PT,UZ,WC,US,6,40,1986,1718,82.0,-19,11,49,16,74,18,87,20,93,21,99,2026-06-23,2026-06-07T21:49:51,https://www.eloratings.net/fixtures.tsv
2026,6,24,BA,QA,WC,US,65,97,1595,1421,73.0,-14,16,44,24,66,28,77,30,82,32,88,2026-06-24,2026-06-07T21:49:51,https://www.eloratings.net/fixtures.tsv
2026,6,24,BR,SQ,WC,US,5,26,1991,1782,77.0,-16,14,46,21,69,24,81,26,87,28,92,2026-06-24,2026-06-07T21:49:51,https://www.eloratings.net/fixtures.tsv
2026,6,24,CA,CH,WC,CA,25,17,1788,1891,50.0,0,30,30,45,45,53,52,57,56,61,59,2026-06-24,2026-06-07T21:49:51,https://www.eloratings.net/fixtures.tsv
2026,6,24,HT,MA,WC,US,73,24,1548,1827,17.0,20,50,10,75,15,87,18,94,19,100,20,2026-06-24,2026-06-07T21:49:51,https://www.eloratings.net/fixtures.tsv
2026,6,24,MX,CZ,WC,MX,18,35,1875,1740,79.0,-18,12,48,18,72,22,83,23,89,25,95,2026-06-24,2026-06-07T21:49:51,https://www.eloratings.net/fixtures.tsv
2026,6,24,ZA,KR,WC,MX,77,33,1528,1758,21.0,17,47,13,71,19,83,22,89,24,95,25,2026-06-24,2026-06-07T21:49:51,https://www.eloratings.net/fixtures.tsv
2026,6,25,AU,PY,WC,US,28,22,1777,1833,42.0,5,35,25,52,38,61,44,65,47,70,50,2026-06-25,2026-06-07T21:49:51,https://www.eloratings.net/fixtures.tsv
2026,6,25,CW,CI,WC,US,91,49,1434,1695,18.0,19,49,11,74,16,86,19,92,20,98,22,2026-06-25,2026-06-07T21:49:51,https://www.eloratings.net/fixtures.tsv
2026,6,25,EC,DE,WC,US,9,10,1938,1932,51.0,-1,29,31,44,46,52,53,55,57,59,61,2026-06-25,2026-06-07T21:49:51,https://www.eloratings.net/fixtures.tsv
2026,6,25,JP,SE,WC,US,14,42,1906,1712,75.0,-15,15,45,22,68,26,79,28,85,30,90,2026-06-25,2026-06-07T21:49:51,https://www.eloratings.net/fixtures.tsv
2026,6,25,NL,TN,WC,US,8,59,1944,1628,86.0,-22,8,52,13,77,15,90,16,97,17,103,2026-06-25,2026-06-07T21:49:51,https://www.eloratings.net/fixtures.tsv
2026,6,25,US,TR,WC,US,38,12,1726,1911,38.0,7,37,23,56,34,65,40,70,43,74,46,2026-06-25,2026-06-07T21:49:51,https://www.eloratings.net/fixtures.tsv
2026,6,26,BE,NZ,WC,CA,15,72,1893,1562,87.0,-22,8,52,12,78,14,91,15,98,16,104,2026-06-26,2026-06-07T21:49:51,https://www.eloratings.net/fixtures.tsv
2026,6,26,CV,SA,WC,US,68,70,1578,1569,51.0,-1,29,31,44,46,51,54,55,58,58,62,2026-06-26,2026-06-07T21:49:51,https://www.eloratings.net/fixtures.tsv
2026,6,26,EG,IR,WC,US,48,29,1696,1772,39.0,6,36,24,55,35,64,41,68,44,73,47,2026-06-26,2026-06-07T21:49:51,https://www.eloratings.net/fixtures.tsv
2026,6,26,FR,NO,WC,US,3,11,2062,1914,70.0,-12,18,42,27,63,31,74,34,79,36,84,2026-06-26,2026-06-07T21:49:51,https://www.eloratings.net/fixtures.tsv
2026,6,26,IQ,SN,WC,CA,60,21,1618,1867,19.0,18,48,12,73,17,85,20,91,22,97,23,2026-06-26,2026-06-07T21:49:51,https://www.eloratings.net/fixtures.tsv
2026,6,26,ES,UY,WC,MX,1,16,2155,1892,82.0,-19,11,49,16,74,19,86,20,92,22,98,2026-06-26,2026-06-07T21:49:51,https://www.eloratings.net/fixtures.tsv
2026,6,27,DZ,AT,WC,US,32,23,1760,1830,40.0,6,36,24,54,36,63,42,67,45,72,48,2026-06-27,2026-06-07T21:49:51,https://www.eloratings.net/fixtures.tsv
2026,6,27,AR,JO,WC,US,2,50,2114,1685,92.0,-25,5,55,7,83,8,97,9,104,9,111,2026-06-27,2026-06-07T21:49:51,https://www.eloratings.net/fixtures.tsv
2026,6,27,CO,PT,WC,US,7,6,1977,1986,49.0,1,31,29,46,44,54,51,58,55,62,58,2026-06-27,2026-06-07T21:49:51,https://www.eloratings.net/fixtures.tsv
2026,6,27,HR,GH,WC,US,12,81,1911,1510,91.0,-25,5,55,8,82,9,96,10,102,11,109,2026-06-27,2026-06-07T21:49:51,https://www.eloratings.net/fixtures.tsv
2026,6,27,CD,UZ,WC,US,54,40,1661,1718,42.0,5,35,25,52,38,61,44,65,47,70,50,2026-06-27,2026-06-07T21:49:51,https://www.eloratings.net/fixtures.tsv
2026,6,27,EN,PA,WC,US,4,37,2021,1730,84.0,-21,9,51,14,76,17,88,18,95,19,101,2026-06-27,2026-06-07T21:49:51,https://www.eloratings.net/fixtures.tsv
2026,7,24,KH,SG,SEA,KH,204,167,849,1134,26.0,10,30,10,45,15,52,18,56,19,59,21,2026-07-24,2026-06-07T21:49:51,https://www.eloratings.net/fixtures.tsv
2026,7,25,LA,TH,SEA,LA,215,109,734,1372,4.0,18,38,2,57,3,67,3,72,3,77,3,2026-07-25,2026-06-07T21:49:51,https://www.eloratings.net/fixtures.tsv
2026,7,25,MM,MY,SEA,MM,187,136,993,1293,24.0,10,30,10,46,14,53,17,57,18,61,19,2026-07-25,2026-06-07T21:49:51,https://www.eloratings.net/fixtures.tsv
2026,7,27,ID,KH,SEA,ID,115,204,1362,849,97.0,-19,1,39,2,58,2,68,2,73,2,78,2026-07-27,2026-06-07T21:49:51,https://www.eloratings.net/fixtures.tsv
2026,7,28,MY,LA,SEA,MY,136,215,1293,734,98.0,-19,1,39,1,59,2,68,2,73,2,78,2026-07-28,2026-06-07T21:49:51,https://www.eloratings.net/fixtures.tsv
2026,7,28,PH,MM,SEA,PH,162,187,1169,993,83.0,-13,7,33,10,50,12,58,13,62,14,66,2026-07-28,2026-06-07T21:49:51,https://www.eloratings.net/fixtures.tsv
2026,7,31,VN,SG,SEA,VN,120,167,1351,1134,86.0,-14,6,34,8,52,10,60,10,65,11,69,2026-07-31,2026-06-07T21:49:51,https://www.eloratings.net/fixtures.tsv
2026,8,1,LA,PH,SEA,LA,215,162,734,1169,13.0,15,35,5,52,8,61,9,65,10,70,10,2026-08-01,2026-06-07T21:49:51,https://www.eloratings.net/fixtures.tsv
2026,8,1,TH,MY,SEA,TH,109,136,1372,1293,74.0,-9,11,29,16,44,18,52,20,55,21,59,2026-08-01,2026-06-07T21:49:51,https://www.eloratings.net/fixtures.tsv
2026,8,3,ID,VN,SEA,ID,115,120,1362,1351,65.0,-6,14,26,21,39,24,46,26,49,28,52,2026-08-03,2026-06-07T21:49:51,https://www.eloratings.net/fixtures.tsv
2026,8,4,MM,LA,SEA,MM,187,215,993,734,89.0,-16,4,36,7,53,8,62,8,67,9,71,2026-08-04,2026-06-07T21:49:51,https://www.eloratings.net/fixtures.tsv
2026,8,4,PH,TH,SEA,PH,162,109,1169,1372,36.0,6,26,14,39,21,45,25,48,27,52,28,2026-08-04,2026-06-07T21:49:51,https://www.eloratings.net/fixtures.tsv
2026,8,7,SG,ID,SEA,SG,167,115,1134,1362,32.0,7,27,13,41,19,47,23,51,24,54,26,2026-08-07,2026-06-07T21:49:51,https://www.eloratings.net/fixtures.tsv
2026,8,7,VN,KH,SEA,VN,120,204,1351,849,97.0,-19,1,39,2,58,2,68,2,73,2,78,2026-08-07,2026-06-07T21:49:51,https://www.eloratings.net/fixtures.tsv
2026,8,8,MY,PH,SEA,MY,136,162,1293,1169,78.0,-11,9,31,13,47,15,55,16,59,17,63,2026-08-08,2026-06-07T21:49:51,https://www.eloratings.net/fixtures.tsv
2026,8,8,TH,MM,SEA,TH,109,187,1372,993,94.0,-18,2,38,4,56,4,66,4,71,5,75,2026-08-08,2026-06-07T21:49:51,https://www.eloratings.net/fixtures.tsv
2026,9,0,DZ,ZM,FQ,DZ,32,111,1760,1371,94.0,-18,2,38,3,57,4,66,4,71,5,75,2026-09-01,2026-06-07T21:49:51,https://www.eloratings.net/fixtures.tsv
2026,9,0,BF,BJ,FQ,BF,78,94,1526,1428,76.0,-10,10,30,15,45,17,53,18,57,19,61,2026-09-01,2026-06-07T21:49:51,https://www.eloratings.net/fixtures.tsv
2026,9,0,CM,KM,FQ,CM,62,113,1613,1363,88.0,-15,5,35,7,53,8,62,9,66,9,71,2026-09-01,2026-06-07T21:49:51,https://www.eloratings.net/fixtures.tsv
2026,9,0,CD,GQ,FQ,CD,54,104,1661,1391,89.0,-16,4,36,6,54,7,63,8,67,8,72,2026-09-01,2026-06-07T21:49:51,https://www.eloratings.net/fixtures.tsv
2026,9,0,EG,AO,FQ,EG,48,75,1696,1537,82.0,-13,7,33,11,49,13,57,14,61,15,65,2026-09-01,2026-06-07T21:49:51,https://www.eloratings.net/fixtures.tsv
2026,9,0,GM,SO,FQ,GM,99,189,1419,979,96.0,-18,2,38,3,57,3,67,3,72,3,77,2026-09-01,2026-06-07T21:49:51,https://www.eloratings.net/fixtures.tsv
2026,9,0,CI,GH,FQ,CI,49,81,1695,1510,84.0,-14,6,34,10,50,11,59,12,63,13,67,2026-09-01,2026-06-07T21:49:51,https://www.eloratings.net/fixtures.tsv
2026,9,0,KE,ER,FQ,KE,113,158,1363,1201,82.0,-13,7,33,11,49,13,57,14,61,14,66,2026-09-01,2026-06-07T21:49:51,https://www.eloratings.net/fixtures.tsv
2026,9,0,LY,BW,FQ,LY,98,147,1420,1267,81.0,-12,8,32,11,49,13,57,14,61,15,65,2026-09-01,2026-06-07T21:49:51,https://www.eloratings.net/fixtures.tsv
2026,9,0,MW,SS,FQ,MW,153,172,1235,1109,79.0,-11,9,31,13,47,15,55,16,59,17,63,2026-09-01,2026-06-07T21:49:51,https://www.eloratings.net/fixtures.tsv
2026,9,0,ML,CV,FQ,ML,67,68,1588,1578,65.0,-6,14,26,21,39,24,46,26,49,28,52,2026-09-01,2026-06-07T21:49:51,https://www.eloratings.net/fixtures.tsv
2026,9,0,MR,CF,FQ,MR,130,151,1317,1241,73.0,-9,11,29,16,44,19,51,20,55,21,59,2026-09-01,2026-06-07T21:49:51,https://www.eloratings.net/fixtures.tsv
2026,9,0,MA,GA,FQ,MA,24,101,1827,1401,95.0,-18,2,38,3,57,3,67,3,72,4,76,2026-09-01,2026-06-07T21:49:51,https://www.eloratings.net/fixtures.tsv
2026,9,0,,CG,FQ,,135,157,1303,1207,76.0,-10,10,30,15,45,17,53,18,57,20,60,2026-09-01,2026-06-07T21:49:51,https://www.eloratings.net/fixtures.tsv
2026,9,0,NG,MG,FQ,NG,30,106,1770,1380,94.0,-18,2,38,3,57,4,66,4,71,4,76,2026-09-01,2026-06-07T21:49:51,https://www.eloratings.net/fixtures.tsv
2026,9,0,NE,LS,FQ,NE,102,159,1394,1198,85.0,-14,6,34,9,51,11,59,12,63,12,68,2026-09-01,2026-06-07T21:49:51,https://www.eloratings.net/fixtures.tsv
2026,9,0,RW,LR,FQ,RW,125,139,1337,1291,70.0,-8,12,28,18,42,21,49,23,52,24,56,2026-09-01,2026-06-07T21:49:51,https://www.eloratings.net/fixtures.tsv
2026,9,0,SN,MZ,FQ,SN,21,118,1867,1352,97.0,-19,1,39,2,58,2,68,2,73,2,78,2026-09-01,2026-06-07T21:49:51,https://www.eloratings.net/fixtures.tsv
2026,9,0,SL,ZW,FQ,SL,117,109,1354,1372,62.0,-5,15,25,23,37,27,43,29,46,31,49,2026-09-01,2026-06-07T21:49:51,https://www.eloratings.net/fixtures.tsv
2026,9,0,ZA,GN,FQ,ZA,77,86,1528,1463,72.0,-9,11,29,17,43,20,50,21,54,22,58,2026-09-01,2026-06-07T21:49:51,https://www.eloratings.net/fixtures.tsv
2026,9,0,SD,ET,FQ,SD,121,139,1350,1291,71.0,-9,11,29,17,43,20,50,21,54,23,57,2026-09-01,2026-06-07T21:49:51,https://www.eloratings.net/fixtures.tsv
2026,9,0,TZ,GW,FQ,TZ,132,150,1313,1248,72.0,-9,11,29,17,43,20,50,21,54,22,58,2026-09-01,2026-06-07T21:49:51,https://www.eloratings.net/fixtures.tsv
2026,9,0,TG,BI,FQ,TG,116,145,1356,1285,73.0,-9,11,29,16,44,19,51,20,55,22,58,2026-09-01,2026-06-07T21:49:51,https://www.eloratings.net/fixtures.tsv
2026,9,0,TN,UG,FQ,TN,59,102,1628,1394,87.0,-15,5,35,8,52,9,61,10,65,10,70,2026-09-01,2026-06-07T21:49:51,https://www.eloratings.net/fixtures.tsv
2026,9,23,IQ,OM,GLF,SA,60,83,1618,1479,69.0,-8,12,28,19,41,22,48,23,52,25,55,2026-09-23,2026-06-07T21:49:51,https://www.eloratings.net/fixtures.tsv
2026,9,23,SA,KW,GLF,SA,70,127,1569,1331,87.0,-15,5,35,8,52,9,61,9,66,10,70,2026-09-23,2026-06-07T21:49:51,https://www.eloratings.net/fixtures.tsv
2026,9,24,NL,DE,ENA,NL,8,10,1944,1932,66.0,-6,14,26,21,39,24,46,26,49,28,52,2026-09-24,2026-06-07T21:49:51,https://www.eloratings.net/fixtures.tsv
2026,9,24,NO,DK,ENA,NO,11,19,1914,1869,70.0,-8,12,28,18,42,21,49,23,52,24,56,2026-09-24,2026-06-07T21:49:51,https://www.eloratings.net/fixtures.tsv
2026,9,24,PT,WA,ENA,PT,6,51,1986,1682,91.0,-16,4,36,5,55,6,64,7,68,7,73,2026-09-24,2026-06-07T21:49:51,https://www.eloratings.net/fixtures.tsv
2026,9,24,RS,GR,ENA,RS,36,34,1734,1744,63.0,-5,15,25,22,38,26,44,28,47,30,50,2026-09-24,2026-06-07T21:49:51,https://www.eloratings.net/fixtures.tsv
2026,9,24,AT,IL,ENB,AT,23,56,1830,1647,84.0,-13,7,33,10,50,11,59,12,63,13,67,2026-09-24,2026-06-07T21:49:51,https://www.eloratings.net/fixtures.tsv
2026,9,24,KO,IE,ENB,KO,41,47,1715,1699,66.0,-6,14,26,20,40,24,46,25,50,27,53,2026-09-24,2026-06-07T21:49:51,https://www.eloratings.net/fixtures.tsv
2026,9,24,AD,MT,END,AD,175,149,1080,1255,39.0,4,24,16,36,24,42,28,45,30,49,31,2026-09-24,2026-06-07T21:49:51,https://www.eloratings.net/fixtures.tsv
2026,9,24,LI,LT,END,LI,199,143,895,1286,16.0,14,34,6,51,9,59,11,63,12,67,13,2026-09-24,2026-06-07T21:49:51,https://www.eloratings.net/fixtures.tsv
2026,9,24,BH,QA,GLF,SA,100,97,1414,1421,49.0,0,20,20,31,29,36,34,38,37,41,39,2026-09-24,2026-06-07T21:49:51,https://www.eloratings.net/fixtures.tsv
2026,9,24,AE,YE,GLF,SA,74,160,1540,1195,88.0,-15,5,35,7,53,8,62,9,66,10,70,2026-09-24,2026-06-07T21:49:51,https://www.eloratings.net/fixtures.tsv
2026,9,25,IT,BE,ENA,IT,19,15,1869,1893,61.0,-4,16,24,24,36,27,43,29,46,31,49,2026-09-25,2026-06-07T21:49:51,https://www.eloratings.net/fixtures.tsv
2026,9,25,TR,FR,ENA,TR,12,3,1911,2062,43.0,3,23,17,34,26,40,30,43,32,46,34,2026-09-25,2026-06-07T21:49:51,https://www.eloratings.net/fixtures.tsv
2026,9,25,GE,EI,ENB,GE,55,64,1654,1607,70.0,-8,12,28,18,42,21,49,23,52,24,56,2026-09-25,2026-06-07T21:49:51,https://www.eloratings.net/fixtures.tsv
2026,9,25,HU,UA,ENB,HU,45,27,1707,1780,54.0,-2,18,22,28,32,32,38,35,40,37,43,2026-09-25,2026-06-07T21:49:51,https://www.eloratings.net/fixtures.tsv
2026,9,25,PL,BA,ENB,PL,43,65,1710,1595,78.0,-11,9,31,13,47,16,54,17,58,18,62,2026-09-25,2026-06-07T21:49:51,https://www.eloratings.net/fixtures.tsv
2026,9,25,SE,RO,ENB,SE,42,57,1712,1639,73.0,-9,11,29,16,44,19,51,20,55,22,58,2026-09-25,2026-06-07T21:49:51,https://www.eloratings.net/fixtures.tsv
2026,9,25,AM,LV,ENC,AM,107,134,1378,1305,73.0,-9,11,29,16,44,19,51,20,55,22,58,2026-09-25,2026-06-07T21:49:51,https://www.eloratings.net/fixtures.tsv
2026,9,25,ME,CY,ENC,ME,87,131,1460,1314,80.0,-12,8,32,12,48,14,56,15,60,16,64,2026-09-25,2026-06-07T21:49:51,https://www.eloratings.net/fixtures.tsv
2026,9,26,CZ,HR,ENA,CZ,35,12,1740,1911,40.0,4,24,16,36,24,42,28,45,30,48,32,2026-09-26,2026-06-07T21:49:51,https://www.eloratings.net/fixtures.tsv
2026,9,26,EN,ES,ENA,EN,4,1,2021,2155,45.0,2,22,18,33,27,38,32,41,34,44,36,2026-09-26,2026-06-07T21:49:51,https://www.eloratings.net/fixtures.tsv
2026,9,26,NM,CH,ENB,NM,66,17,1589,1891,24.0,10,30,10,46,14,53,17,57,18,61,19,2026-09-26,2026-06-07T21:49:51,https://www.eloratings.net/fixtures.tsv
2026,9,26,SI,SQ,ENB,SI,51,26,1682,1782,50.0,0,20,20,30,30,35,35,38,38,40,40,2026-09-26,2026-06-07T21:49:51,https://www.eloratings.net/fixtures.tsv
2026,9,26,AL,BY,ENC,AL,61,79,1616,1525,75.0,-10,10,30,15,45,17,53,19,56,20,60,2026-09-26,2026-06-07T21:49:51,https://www.eloratings.net/fixtures.tsv
2026,9,26,BG,LU,ENC,BG,88,90,1458,1450,65.0,-6,14,26,21,39,24,46,26,49,28,52,2026-09-26,2026-06-07T21:49:51,https://www.eloratings.net/fixtures.tsv
2026,9,26,FO,KZ,ENC,FO,112,92,1368,1431,55.0,-2,18,22,27,33,31,39,34,41,36,44,2026-09-26,2026-06-07T21:49:51,https://www.eloratings.net/fixtures.tsv
2026,9,26,IS,EE,ENC,IS,70,118,1569,1352,86.0,-14,6,34,8,52,10,60,10,65,11,69,2026-09-26,2026-06-07T21:49:51,https://www.eloratings.net/fixtures.tsv
2026,9,26,SM,FI,ENC,SM,206,76,826,1536,3.0,19,39,1,58,2,68,2,73,2,78,2,2026-09-26,2026-06-07T21:49:51,https://www.eloratings.net/fixtures.tsv
2026,9,26,SK,MD,ENC,SK,53,148,1667,1265,95.0,-18,2,38,3,57,4,66,4,71,4,76,2026-09-26,2026-06-07T21:49:51,https://www.eloratings.net/fixtures.tsv
2026,9,26,IQ,KW,GLF,SA,60,127,1618,1331,84.0,-14,6,34,10,50,11,59,12,63,13,67,2026-09-26,2026-06-07T21:49:51,https://www.eloratings.net/fixtures.tsv
2026,9,26,SA,OM,GLF,SA,70,83,1569,1479,75.0,-10,10,30,15,45,18,52,19,56,20,60,2026-09-26,2026-06-07T21:49:51,https://www.eloratings.net/fixtures.tsv
2026,9,27,DK,WA,ENA,DK,19,51,1869,1682,84.0,-14,6,34,10,50,11,59,12,63,13,67,2026-09-27,2026-06-07T21:49:51,https://www.eloratings.net/fixtures.tsv
2026,9,27,DE,GR,ENA,DE,10,34,1932,1744,84.0,-14,6,34,10,50,11,59,12,63,13,67,2026-09-27,2026-06-07T21:49:51,https://www.eloratings.net/fixtures.tsv
2026,9,27,NO,PT,ENA,NO,11,6,1914,1986,54.0,-2,18,22,28,32,32,38,34,41,37,43,2026-09-27,2026-06-07T21:49:51,https://www.eloratings.net/fixtures.tsv
2026,9,27,RS,NL,ENA,RS,36,8,1734,1944,35.0,6,26,14,39,21,46,24,49,26,52,28,2026-09-27,2026-06-07T21:49:51,https://www.eloratings.net/fixtures.tsv
2026,9,27,AT,KO,ENB,AT,23,41,1830,1715,78.0,-11,9,31,13,47,16,54,17,58,18,62,2026-09-27,2026-06-07T21:49:51,https://www.eloratings.net/fixtures.tsv
2026,9,27,IL,IE,ENB,,56,47,1647,1699,43.0,3,23,17,34,26,40,30,43,32,46,34,2026-09-27,2026-06-07T21:49:51,https://www.eloratings.net/fixtures.tsv
2026,9,27,GI,AD,END,GI,183,175,1011,1080,54.0,-2,18,22,27,33,32,38,34,41,36,44,2026-09-27,2026-06-07T21:49:51,https://www.eloratings.net/fixtures.tsv
2026,9,27,LT,AZ,END,LT,143,128,1286,1321,59.0,-4,16,24,24,36,29,41,31,44,33,47,2026-09-27,2026-06-07T21:49:51,https://www.eloratings.net/fixtures.tsv
2026,9,27,BH,AE,GLF,SA,100,74,1414,1540,33.0,7,27,13,40,20,47,23,51,24,54,26,2026-09-27,2026-06-07T21:49:51,https://www.eloratings.net/fixtures.tsv
2026,9,27,QA,YE,GLF,SA,97,160,1421,1195,79.0,-11,9,31,13,47,15,55,16,59,17,63,2026-09-27,2026-06-07T21:49:51,https://www.eloratings.net/fixtures.tsv
2026,9,28,BE,FR,ENA,BE,15,3,1893,2062,40.0,4,24,16,36,24,42,28,45,30,48,32,2026-09-28,2026-06-07T21:49:51,https://www.eloratings.net/fixtures.tsv
2026,9,28,TR,IT,ENA,TR,12,19,1911,1869,69.0,-8,12,28,18,42,21,49,23,52,25,55,2026-09-28,2026-06-07T21:49:51,https://www.eloratings.net/fixtures.tsv
2026,9,28,EI,HU,ENB,EI,64,45,1607,1707,50.0,0,20,20,30,30,35,35,38,38,40,40,2026-09-28,2026-06-07T21:49:51,https://www.eloratings.net/fixtures.tsv
2026,9,28,RO,BA,ENB,RO,57,65,1639,1595,70.0,-8,12,28,18,42,21,49,23,52,24,56,2026-09-28,2026-06-07T21:49:51,https://www.eloratings.net/fixtures.tsv
2026,9,28,SE,PL,ENB,SE,42,43,1712,1710,64.0,-6,14,26,21,39,25,45,27,48,29,51,2026-09-28,2026-06-07T21:49:51,https://www.eloratings.net/fixtures.tsv
2026,9,28,GE,UA,ENB,GE,55,27,1654,1780,46.0,1,21,19,32,28,38,32,40,35,43,37,2026-09-28,2026-06-07T21:49:51,https://www.eloratings.net/fixtures.tsv
2026,9,28,AM,ME,ENC,AM,107,87,1378,1460,53.0,-1,19,21,28,32,33,37,36,39,38,42,2026-09-28,2026-06-07T21:49:51,https://www.eloratings.net/fixtures.tsv
2026,9,28,LV,CY,ENC,LV,134,131,1305,1314,63.0,-5,15,25,22,38,26,44,28,47,30,50,2026-09-28,2026-06-07T21:49:51,https://www.eloratings.net/fixtures.tsv
2026,9,29,CZ,EN,ENA,CZ,35,4,1740,2021,26.0,10,30,10,44,16,52,18,55,20,59,21,2026-09-29,2026-06-07T21:49:51,https://www.eloratings.net/fixtures.tsv
2026,9,29,ES,HR,ENA,ES,1,12,2155,1911,88.0,-15,5,35,7,53,8,62,9,66,10,70,2026-09-29,2026-06-07T21:49:51,https://www.eloratings.net/fixtures.tsv
2026,9,29,SQ,CH,ENB,SQ,26,17,1782,1891,49.0,1,21,19,31,29,36,34,38,37,41,39,2026-09-29,2026-06-07T21:49:51,https://www.eloratings.net/fixtures.tsv
2026,9,29,SI,NM,ENB,SI,51,66,1682,1589,75.0,-10,10,30,15,45,17,53,19,56,20,60,2026-09-29,2026-06-07T21:49:51,https://www.eloratings.net/fixtures.tsv
2026,9,29,BG,EE,ENC,BG,88,118,1458,1352,77.0,-11,9,31,14,46,16,54,18,57,19,61,2026-09-29,2026-06-07T21:49:51,https://www.eloratings.net/fixtures.tsv
2026,9,29,FI,BY,ENC,FI,76,79,1536,1525,65.0,-6,14,26,21,39,24,46,26,49,28,52,2026-09-29,2026-06-07T21:49:51,https://www.eloratings.net/fixtures.tsv
2026,9,29,LU,IS,ENC,LU,90,70,1450,1569,47.0,1,21,19,32,28,37,33,40,35,42,38,2026-09-29,2026-06-07T21:49:51,https://www.eloratings.net/fixtures.tsv
2026,9,29,MD,FO,ENC,MD,148,112,1265,1368,50.0,0,20,20,30,30,35,35,38,37,40,40,2026-09-29,2026-06-07T21:49:51,https://www.eloratings.net/fixtures.tsv
2026,9,29,SM,AL,ENC,SM,206,61,826,1616,1.8,19,39,1,59,1,69,1,74,1,79,1,2026-09-29,2026-06-07T21:49:51,https://www.eloratings.net/fixtures.tsv
2026,9,29,SK,KZ,ENC,SK,53,92,1667,1431,87.0,-15,5,35,8,52,9,61,9,66,10,70,2026-09-29,2026-06-07T21:49:51,https://www.eloratings.net/fixtures.tsv
2026,9,29,KW,OM,GLF,SA,127,83,1331,1479,30.0,8,28,12,42,18,49,21,53,22,56,24,2026-09-29,2026-06-07T21:49:51,https://www.eloratings.net/fixtures.tsv
2026,9,29,SA,IQ,GLF,SA,70,60,1569,1618,57.0,-3,17,23,26,34,30,40,32,43,34,46,2026-09-29,2026-06-07T21:49:51,https://www.eloratings.net/fixtures.tsv
2026,9,30,BH,YE,GLF,SA,100,160,1414,1195,78.0,-11,9,31,13,47,15,55,17,58,18,62,2026-09-30,2026-06-07T21:49:51,https://www.eloratings.net/fixtures.tsv
2026,9,30,QA,AE,GLF,SA,97,74,1421,1540,34.0,7,27,13,40,20,47,23,50,25,53,27,2026-09-30,2026-06-07T21:49:51,https://www.eloratings.net/fixtures.tsv
2026,10,1,DK,PT,ENA,DK,19,6,1869,1986,48.0,1,21,19,31,29,37,33,39,36,42,38,2026-10-01,2026-06-07T21:49:51,https://www.eloratings.net/fixtures.tsv
2026,10,1,DE,RS,ENA,DE,10,36,1932,1734,85.0,-14,6,34,9,51,11,59,11,64,12,68,2026-10-01,2026-06-07T21:49:51,https://www.eloratings.net/fixtures.tsv
2026,10,1,GR,NL,ENA,GR,34,8,1744,1944,36.0,6,26,14,38,22,45,25,48,27,51,29,2026-10-01,2026-06-07T21:49:51,https://www.eloratings.net/fixtures.tsv
2026,10,1,WA,NO,ENA,WA,51,11,1682,1914,32.0,7,27,13,41,19,48,22,51,24,55,25,2026-10-01,2026-06-07T21:49:51,https://www.eloratings.net/fixtures.tsv
2026,10,1,IE,AT,ENB,IE,47,23,1699,1830,46.0,2,22,18,33,27,38,32,41,34,44,36,2026-10-01,2026-06-07T21:49:51,https://www.eloratings.net/fixtures.tsv
2026,10,1,IL,KO,ENB,,56,41,1647,1715,40.0,4,24,16,36,24,42,28,45,30,48,32,2026-10-01,2026-06-07T21:49:51,https://www.eloratings.net/fixtures.tsv
2026,10,1,AZ,LI,END,AZ,128,199,1321,895,95.0,-18,2,38,3,57,3,67,3,72,4,76,2026-10-01,2026-06-07T21:49:51,https://www.eloratings.net/fixtures.tsv
2026,10,1,MT,GI,END,MT,149,183,1255,1011,88.0,-15,5,35,7,53,8,62,9,66,10,70,2026-10-01,2026-06-07T21:49:51,https://www.eloratings.net/fixtures.tsv
2026,10,2,BE,TR,ENA,BE,15,12,1893,1911,62.0,-5,15,25,23,37,27,43,29,46,31,49,2026-10-02,2026-06-07T21:49:51,https://www.eloratings.net/fixtures.tsv
2026,10,2,FR,IT,ENA,FR,3,19,2062,1869,84.0,-14,6,34,9,51,11,59,12,63,12,68,2026-10-02,2026-06-07T21:49:51,https://www.eloratings.net/fixtures.tsv
2026,10,2,BA,SE,ENB,BA,65,42,1595,1712,48.0,1,21,19,31,29,37,33,39,36,42,38,2026-10-02,2026-06-07T21:49:51,https://www.eloratings.net/fixtures.tsv
2026,10,2,HU,GE,ENB,HU,45,55,1707,1654,71.0,-8,12,28,18,42,21,49,22,53,23,57,2026-10-02,2026-06-07T21:49:51,https://www.eloratings.net/fixtures.tsv
2026,10,2,PL,RO,ENB,PL,43,57,1710,1639,73.0,-9,11,29,16,44,19,51,20,55,22,58,2026-10-02,2026-06-07T21:49:51,https://www.eloratings.net/fixtures.tsv
2026,10,2,UA,EI,ENB,,27,64,1780,1607,73.0,-9,11,29,16,44,19,51,20,55,22,58,2026-10-02,2026-06-07T21:49:51,https://www.eloratings.net/fixtures.tsv
2026,10,2,CY,AM,ENC,CY,131,107,1314,1378,55.0,-2,18,22,27,33,31,39,34,41,36,44,2026-10-02,2026-06-07T21:49:51,https://www.eloratings.net/fixtures.tsv
2026,10,2,FO,SK,ENC,FO,112,53,1368,1667,24.0,10,30,10,46,14,53,17,57,18,61,19,2026-10-02,2026-06-07T21:49:51,https://www.eloratings.net/fixtures.tsv
2026,10,2,KZ,MD,ENC,KZ,92,148,1431,1265,82.0,-13,7,33,11,49,12,58,13,62,14,66,2026-10-02,2026-06-07T21:49:51,https://www.eloratings.net/fixtures.tsv
2026,10,2,LV,ME,ENC,LV,134,87,1305,1460,42.0,3,23,17,35,25,40,30,43,32,46,34,2026-10-02,2026-06-07T21:49:51,https://www.eloratings.net/fixtures.tsv
2026,10,3,HR,EN,ENA,HR,12,4,1911,2021,49.0,1,21,19,31,29,36,34,39,36,41,39,2026-10-03,2026-06-07T21:49:51,https://www.eloratings.net/fixtures.tsv
2026,10,3,ES,CZ,ENA,ES,1,35,2155,1740,95.0,-18,2,38,3,57,3,67,4,71,4,76,2026-10-03,2026-06-07T21:49:51,https://www.eloratings.net/fixtures.tsv
2026,10,3,NM,SQ,ENB,NM,66,26,1589,1782,37.0,5,25,15,38,22,44,26,47,28,50,30,2026-10-03,2026-06-07T21:49:51,https://www.eloratings.net/fixtures.tsv
2026,10,3,CH,SI,ENB,CH,17,51,1891,1682,86.0,-14,6,34,9,51,10,60,11,64,12,68,2026-10-03,2026-06-07T21:49:51,https://www.eloratings.net/fixtures.tsv
2026,10,3,BY,SM,ENC,,79,206,1525,826,98.2,-19,1,39,1,59,1,69,1,74,1,79,2026-10-03,2026-06-07T21:49:51,https://www.eloratings.net/fixtures.tsv
2026,10,3,EE,LU,ENC,EE,118,90,1352,1450,50.0,0,20,20,30,30,35,35,37,38,40,40,2026-10-03,2026-06-07T21:49:51,https://www.eloratings.net/fixtures.tsv
2026,10,3,FI,AL,ENC,FI,76,61,1536,1616,53.0,-1,19,21,28,32,33,37,35,40,38,42,2026-10-03,2026-06-07T21:49:51,https://www.eloratings.net/fixtures.tsv
2026,10,3,IS,BG,ENC,IS,70,88,1569,1458,77.0,-11,9,31,14,46,16,54,17,58,18,62,2026-10-03,2026-06-07T21:49:51,https://www.eloratings.net/fixtures.tsv
2026,10,4,GR,DE,ENA,GR,34,10,1744,1932,38.0,5,25,15,37,23,44,26,47,28,50,30,2026-10-04,2026-06-07T21:49:51,https://www.eloratings.net/fixtures.tsv
2026,10,4,NL,RS,ENA,NL,8,36,1944,1734,86.0,-14,6,34,9,51,10,60,11,64,11,69,2026-10-04,2026-06-07T21:49:51,https://www.eloratings.net/fixtures.tsv
2026,10,4,PT,NO,ENA,PT,6,11,1986,1914,73.0,-9,11,29,16,44,19,51,20,55,22,58,2026-10-04,2026-06-07T21:49:51,https://www.eloratings.net/fixtures.tsv
2026,10,4,WA,DK,ENA,WA,51,19,1682,1869,38.0,5,25,15,37,23,44,26,47,28,50,30,2026-10-04,2026-06-07T21:49:51,https://www.eloratings.net/fixtures.tsv
2026,10,4,IE,IL,ENB,IE,47,56,1699,1647,71.0,-8,12,28,18,42,21,49,22,53,24,56,2026-10-04,2026-06-07T21:49:51,https://www.eloratings.net/fixtures.tsv
2026,10,4,KO,AT,ENB,KO,41,23,1715,1830,48.0,1,21,19,31,29,37,33,39,36,42,38,2026-10-04,2026-06-07T21:49:51,https://www.eloratings.net/fixtures.tsv
2026,10,4,AZ,LT,END,AZ,128,143,1321,1286,69.0,-7,13,27,19,41,22,48,24,51,25,55,2026-10-04,2026-06-07T21:49:51,https://www.eloratings.net/fixtures.tsv
2026,10,4,MT,AD,END,MT,149,175,1255,1080,83.0,-13,7,33,10,50,12,58,13,62,14,66,2026-10-04,2026-06-07T21:49:51,https://www.eloratings.net/fixtures.tsv
2026,10,5,FR,BE,ENA,FR,3,15,2062,1893,82.0,-13,7,33,11,49,12,58,13,62,14,66,2026-10-05,2026-06-07T21:49:51,https://www.eloratings.net/fixtures.tsv
2026,10,5,IT,TR,ENA,IT,19,12,1869,1911,58.0,-3,17,23,25,35,29,41,31,44,33,47,2026-10-05,2026-06-07T21:49:51,https://www.eloratings.net/fixtures.tsv
2026,10,5,BA,PL,ENB,BA,65,43,1595,1710,48.0,1,21,19,31,29,37,33,39,36,42,38,2026-10-05,2026-06-07T21:49:51,https://www.eloratings.net/fixtures.tsv
2026,10,5,EI,GE,ENB,EI,64,55,1607,1654,58.0,-3,17,23,25,35,30,40,32,43,34,46,2026-10-05,2026-06-07T21:49:51,https://www.eloratings.net/fixtures.tsv
2026,10,5,RO,SE,ENB,RO,57,42,1639,1712,54.0,-2,18,22,28,32,32,38,35,40,37,43,2026-10-05,2026-06-07T21:49:51,https://www.eloratings.net/fixtures.tsv
2026,10,5,UA,HU,ENB,,27,45,1780,1707,60.0,-4,16,24,24,36,28,42,30,45,32,48,2026-10-05,2026-06-07T21:49:51,https://www.eloratings.net/fixtures.tsv
2026,10,5,CY,LV,ENC,CY,131,134,1314,1305,65.0,-6,14,26,21,39,24,46,26,49,28,52,2026-10-05,2026-06-07T21:49:51,https://www.eloratings.net/fixtures.tsv
2026,10,5,ME,AM,ENC,ME,87,107,1460,1378,74.0,-10,10,30,16,44,18,52,19,56,21,59,2026-10-05,2026-06-07T21:49:51,https://www.eloratings.net/fixtures.tsv
2026,10,6,HR,ES,ENA,HR,12,1,1911,2155,30.0,8,28,12,42,18,49,21,52,23,56,24,2026-10-06,2026-06-07T21:49:51,https://www.eloratings.net/fixtures.tsv
2026,10,6,EN,CZ,ENA,EN,4,35,2021,1740,90.0,-16,4,36,6,54,7,63,8,67,8,72,2026-10-06,2026-06-07T21:49:51,https://www.eloratings.net/fixtures.tsv
2026,10,6,SQ,SI,ENB,SQ,26,51,1782,1682,76.0,-10,10,30,14,46,17,53,18,57,19,61,2026-10-06,2026-06-07T21:49:51,https://www.eloratings.net/fixtures.tsv
2026,10,6,CH,NM,ENB,CH,17,66,1891,1589,91.0,-16,4,36,5,55,6,64,7,68,7,73,2026-10-06,2026-06-07T21:49:51,https://www.eloratings.net/fixtures.tsv
2026,10,6,AL,SM,ENC,AL,61,206,1616,826,99.4,-20,0,40,0,60,0,70,0,75,0,80,2026-10-06,2026-06-07T21:49:51,https://www.eloratings.net/fixtures.tsv
2026,10,6,BY,FI,ENC,,79,76,1525,1536,48.0,1,21,19,31,29,36,34,39,36,41,39,2026-10-06,2026-06-07T21:49:51,https://www.eloratings.net/fixtures.tsv
2026,10,6,EE,IS,ENC,EE,118,70,1352,1569,34.0,6,26,14,40,20,46,24,50,25,53,27,2026-10-06,2026-06-07T21:49:51,https://www.eloratings.net/fixtures.tsv
2026,10,6,KZ,FO,ENC,KZ,92,112,1431,1368,72.0,-9,11,29,17,43,20,50,21,54,22,58,2026-10-06,2026-06-07T21:49:51,https://www.eloratings.net/fixtures.tsv
2026,10,6,LU,BG,ENC,LU,90,88,1450,1458,63.0,-5,15,25,22,38,26,44,28,47,30,50,2026-10-06,2026-06-07T21:49:51,https://www.eloratings.net/fixtures.tsv
2026,10,6,MD,SK,ENC,MD,148,53,1265,1667,15.0,14,34,6,51,9,60,10,64,11,68,12,2026-10-06,2026-06-07T21:49:51,https://www.eloratings.net/fixtures.tsv
2026,10,0,AO,MW,FQ,AO,75,153,1537,1235,91.0,-16,4,36,5,55,6,64,7,68,7,73,2026-10-01,2026-06-07T21:49:51,https://www.eloratings.net/fixtures.tsv
2026,10,0,BJ,MR,FQ,BJ,94,130,1428,1317,77.0,-11,9,31,14,46,16,54,17,58,18,62,2026-10-01,2026-06-07T21:49:51,https://www.eloratings.net/fixtures.tsv
2026,10,0,BW,TN,FQ,BW,147,59,1267,1628,18.0,13,33,7,49,11,57,13,61,14,65,15,2026-10-01,2026-06-07T21:49:51,https://www.eloratings.net/fixtures.tsv
2026,10,0,BI,DZ,FQ,BI,145,32,1285,1760,10.0,16,36,4,54,6,63,7,67,8,72,8,2026-10-01,2026-06-07T21:49:51,https://www.eloratings.net/fixtures.tsv
2026,10,0,CV,RW,FQ,CV,68,125,1578,1337,88.0,-15,5,35,7,53,9,61,9,66,10,70,2026-10-01,2026-06-07T21:49:51,https://www.eloratings.net/fixtures.tsv
2026,10,0,CF,BF,FQ,CF,151,78,1241,1526,26.0,10,30,10,45,15,52,18,56,19,59,21,2026-10-01,2026-06-07T21:49:51,https://www.eloratings.net/fixtures.tsv
2026,10,0,KM,,FQ,KM,113,135,1363,1303,72.0,-9,11,29,17,43,20,50,21,54,23,57,2026-10-01,2026-06-07T21:49:51,https://www.eloratings.net/fixtures.tsv
2026,10,0,CG,CM,FQ,CG,157,62,1207,1613,15.0,14,34,6,51,9,60,10,64,11,68,12,2026-10-01,2026-06-07T21:49:51,https://www.eloratings.net/fixtures.tsv
2026,10,0,GQ,SL,FQ,GQ,104,117,1391,1354,69.0,-8,12,28,19,41,22,48,23,52,25,55,2026-10-01,2026-06-07T21:49:51,https://www.eloratings.net/fixtures.tsv
2026,10,0,ER,ZA,FQ,ER,158,77,1201,1528,21.0,11,31,9,47,13,55,15,59,16,63,17,2026-10-01,2026-06-07T21:49:51,https://www.eloratings.net/fixtures.tsv
2026,10,0,ET,SN,FQ,ET,139,21,1291,1867,6.0,18,38,2,56,4,66,4,70,5,75,5,2026-10-01,2026-06-07T21:49:51,https://www.eloratings.net/fixtures.tsv
2026,10,0,GA,NE,FQ,GA,101,102,1401,1394,65.0,-6,14,26,21,39,25,45,26,49,28,52,2026-10-01,2026-06-07T21:49:51,https://www.eloratings.net/fixtures.tsv
2026,10,0,GH,GM,FQ,GH,81,99,1510,1419,75.0,-10,10,30,15,45,17,53,19,56,20,60,2026-10-01,2026-06-07T21:49:51,https://www.eloratings.net/fixtures.tsv
2026,10,0,GW,NG,FQ,GW,150,30,1248,1770,8.0,17,37,3,55,5,64,6,69,6,74,6,2026-10-01,2026-06-07T21:49:51,https://www.eloratings.net/fixtures.tsv
2026,10,0,GN,KE,FQ,GN,86,113,1463,1363,76.0,-10,10,30,14,46,17,53,18,57,19,61,2026-10-01,2026-06-07T21:49:51,https://www.eloratings.net/fixtures.tsv
2026,10,0,LS,MA,FQ,LS,159,24,1198,1827,5.0,18,38,2,57,3,67,3,72,3,76,4,2026-10-01,2026-06-07T21:49:51,https://www.eloratings.net/fixtures.tsv
2026,10,0,LR,ML,FQ,LR,139,67,1291,1588,24.0,10,30,10,45,15,53,17,57,18,61,19,2026-10-01,2026-06-07T21:49:51,https://www.eloratings.net/fixtures.tsv
2026,10,0,MG,TZ,FQ,MG,106,132,1380,1313,72.0,-9,11,29,17,43,19,51,21,54,22,58,2026-10-01,2026-06-07T21:49:51,https://www.eloratings.net/fixtures.tsv
2026,10,0,MZ,SD,FQ,MZ,118,121,1352,1350,64.0,-6,14,26,21,39,25,45,27,48,29,51,2026-10-01,2026-06-07T21:49:51,https://www.eloratings.net/fixtures.tsv
2026,10,0,SO,CI,FQ,SO,189,49,979,1695,3.0,19,39,1,58,2,68,2,73,2,78,2,2026-10-01,2026-06-07T21:49:51,https://www.eloratings.net/fixtures.tsv
2026,10,0,SS,EG,FQ,SS,172,48,1109,1696,6.0,18,38,2,57,3,66,4,71,4,75,5,2026-10-01,2026-06-07T21:49:51,https://www.eloratings.net/fixtures.tsv
2026,10,0,UG,LY,FQ,UG,102,98,1394,1420,60.0,-4,16,24,24,36,28,42,30,45,32,48,2026-10-01,2026-06-07T21:49:51,https://www.eloratings.net/fixtures.tsv
2026,10,0,ZM,TG,FQ,ZM,111,116,1371,1356,66.0,-6,14,26,20,40,24,46,26,49,27,53,2026-10-01,2026-06-07T21:49:51,https://www.eloratings.net/fixtures.tsv
2026,10,0,ZW,CD,FQ,ZW,109,54,1372,1661,25.0,10,30,10,45,15,52,18,56,19,60,20,2026-10-01,2026-06-07T21:49:51,https://www.eloratings.net/fixtures.tsv
2026,11,0,DZ,TG,FQ,DZ,32,116,1760,1356,95.0,-18,2,38,3,57,4,66,4,71,4,76,2026-11-01,2026-06-07T21:49:51,https://www.eloratings.net/fixtures.tsv
2026,11,0,AO,SS,FQ,AO,75,172,1537,1109,95.0,-18,2,38,3,57,3,67,3,72,4,76,2026-11-01,2026-06-07T21:49:51,https://www.eloratings.net/fixtures.tsv
2026,11,0,BJ,CF,FQ,BJ,94,151,1428,1241,84.0,-14,6,34,10,50,11,59,12,63,13,67,2026-11-01,2026-06-07T21:49:51,https://www.eloratings.net/fixtures.tsv
2026,11,0,BF,MR,FQ,BF,78,130,1526,1317,86.0,-14,6,34,9,51,10,60,11,64,12,68,2026-11-01,2026-06-07T21:49:51,https://www.eloratings.net/fixtures.tsv
2026,11,0,CM,,FQ,CM,62,135,1613,1303,91.0,-17,3,37,5,55,6,64,6,69,7,73,2026-11-01,2026-06-07T21:49:51,https://www.eloratings.net/fixtures.tsv
2026,11,0,CV,LR,FQ,CV,68,139,1578,1291,90.0,-16,4,36,6,54,7,63,7,68,8,72,2026-11-01,2026-06-07T21:49:51,https://www.eloratings.net/fixtures.tsv
2026,11,0,KM,CG,FQ,KM,113,157,1363,1207,81.0,-13,7,33,11,49,13,57,14,61,15,65,2026-11-01,2026-06-07T21:49:51,https://www.eloratings.net/fixtures.tsv
2026,11,0,CD,SL,FQ,CD,54,117,1661,1354,91.0,-16,4,36,5,55,6,64,7,68,7,73,2026-11-01,2026-06-07T21:49:51,https://www.eloratings.net/fixtures.tsv
2026,11,0,EG,MW,FQ,EG,48,153,1696,1235,96.0,-18,2,38,2,58,3,67,3,72,3,77,2026-11-01,2026-06-07T21:49:51,https://www.eloratings.net/fixtures.tsv
2026,11,0,GQ,ZW,FQ,GQ,104,109,1391,1372,66.0,-7,13,27,20,40,23,47,25,50,27,53,2026-11-01,2026-06-07T21:49:51,https://www.eloratings.net/fixtures.tsv
2026,11,0,GA,LS,FQ,GA,101,159,1401,1198,85.0,-14,6,34,9,51,10,60,11,64,12,68,2026-11-01,2026-06-07T21:49:51,https://www.eloratings.net/fixtures.tsv
2026,11,0,GH,SO,FQ,GH,81,189,1510,979,97.0,-19,1,39,2,58,2,68,2,73,2,78,2026-11-01,2026-06-07T21:49:51,https://www.eloratings.net/fixtures.tsv
2026,11,0,GN,ER,FQ,GN,86,158,1463,1201,89.0,-16,4,36,7,53,8,62,8,67,9,71,2026-11-01,2026-06-07T21:49:51,https://www.eloratings.net/fixtures.tsv
2026,11,0,CI,GM,FQ,CI,49,99,1695,1419,90.0,-16,4,36,6,54,7,63,8,67,8,72,2026-11-01,2026-06-07T21:49:51,https://www.eloratings.net/fixtures.tsv
2026,11,0,MG,GW,FQ,MG,106,150,1380,1248,79.0,-12,8,32,12,48,15,55,16,59,17,63,2026-11-01,2026-06-07T21:49:51,https://www.eloratings.net/fixtures.tsv
2026,11,0,ML,RW,FQ,ML,67,125,1588,1337,88.0,-15,5,35,7,53,8,62,9,66,9,71,2026-11-01,2026-06-07T21:49:51,https://www.eloratings.net/fixtures.tsv
2026,11,0,MA,NE,FQ,MA,24,102,1827,1394,96.0,-18,2,38,3,57,3,67,3,72,4,76,2026-11-01,2026-06-07T21:49:51,https://www.eloratings.net/fixtures.tsv
2026,11,0,MZ,ET,FQ,MZ,118,139,1352,1291,72.0,-9,11,29,17,43,20,50,21,54,23,57,2026-11-01,2026-06-07T21:49:51,https://www.eloratings.net/fixtures.tsv
2026,11,0,NG,TZ,FQ,NG,30,132,1770,1313,96.0,-18,2,38,2,58,3,67,3,72,3,77,2026-11-01,2026-06-07T21:49:51,https://www.eloratings.net/fixtures.tsv
2026,11,0,SN,SD,FQ,SN,21,121,1867,1350,97.0,-19,1,39,2,58,2,68,2,73,2,78,2026-11-01,2026-06-07T21:49:51,https://www.eloratings.net/fixtures.tsv
2026,11,0,ZA,KE,FQ,ZA,77,113,1528,1363,82.0,-13,7,33,11,49,13,57,13,62,14,66,2026-11-01,2026-06-07T21:49:51,https://www.eloratings.net/fixtures.tsv
2026,11,0,TN,LY,FQ,TN,59,98,1628,1420,85.0,-14,6,34,9,51,10,60,11,64,12,68,2026-11-01,2026-06-07T21:49:51,https://www.eloratings.net/fixtures.tsv
2026,11,0,UG,BW,FQ,UG,102,147,1394,1267,79.0,-11,9,31,13,47,15,55,16,59,17,63,2026-11-01,2026-06-07T21:49:51,https://www.eloratings.net/fixtures.tsv
2026,11,0,ZM,BI,FQ,ZM,111,145,1371,1285,74.0,-10,10,30,15,45,18,52,19,56,20,60,2026-11-01,2026-06-07T21:49:51,https://www.eloratings.net/fixtures.tsv
2026,11,12,CZ,ES,ENA,CZ,35,1,1740,2155,14.0,14,34,6,52,8,60,10,64,11,69,11,2026-11-12,2026-06-07T21:49:51,https://www.eloratings.net/fixtures.tsv
2026,11,12,EN,HR,ENA,EN,4,12,2021,1911,77.0,-11,9,31,14,46,16,54,17,58,18,62,2026-11-12,2026-06-07T21:49:51,https://www.eloratings.net/fixtures.tsv
2026,11,12,IT,FR,ENA,IT,19,3,1869,2062,37.0,5,25,15,38,22,44,26,47,28,50,30,2026-11-12,2026-06-07T21:49:51,https://www.eloratings.net/fixtures.tsv
2026,11,12,TR,BE,ENA,TR,12,15,1911,1893,66.0,-7,13,27,20,40,24,46,25,50,27,53,2026-11-12,2026-06-07T21:49:51,https://www.eloratings.net/fixtures.tsv
2026,11,12,AL,FI,ENC,AL,61,76,1616,1536,74.0,-10,10,30,16,44,18,52,20,55,21,59,2026-11-12,2026-06-07T21:49:51,https://www.eloratings.net/fixtures.tsv
2026,11,12,AM,CY,ENC,AM,107,131,1378,1314,72.0,-9,11,29,17,43,20,50,21,54,22,58,2026-11-12,2026-06-07T21:49:51,https://www.eloratings.net/fixtures.tsv
2026,11,12,ME,LV,ENC,ME,87,134,1460,1305,81.0,-13,7,33,11,49,13,57,14,61,15,65,2026-11-12,2026-06-07T21:49:51,https://www.eloratings.net/fixtures.tsv
2026,11,12,SM,BY,ENC,SM,206,79,826,1525,3.0,19,39,1,58,2,68,2,73,2,78,2,2026-11-12,2026-06-07T21:49:51,https://www.eloratings.net/fixtures.tsv
2026,11,13,NL,GR,ENA,NL,8,34,1944,1744,85.0,-14,6,34,9,51,11,59,11,64,12,68,2026-11-13,2026-06-07T21:49:51,https://www.eloratings.net/fixtures.tsv
2026,11,13,RS,DE,ENA,RS,36,10,1734,1932,36.0,5,25,15,38,22,45,25,48,27,51,29,2026-11-13,2026-06-07T21:49:51,https://www.eloratings.net/fixtures.tsv
2026,11,13,SQ,NM,ENB,SQ,26,66,1782,1589,84.0,-14,6,34,9,51,11,59,12,63,12,68,2026-11-13,2026-06-07T21:49:51,https://www.eloratings.net/fixtures.tsv
2026,11,13,SI,CH,ENB,SI,51,17,1682,1891,35.0,6,26,14,39,21,46,24,49,26,52,28,2026-11-13,2026-06-07T21:49:51,https://www.eloratings.net/fixtures.tsv
2026,11,13,BG,IS,ENC,BG,88,70,1458,1569,48.0,1,21,19,31,29,36,34,39,36,41,39,2026-11-13,2026-06-07T21:49:51,https://www.eloratings.net/fixtures.tsv
2026,11,13,LU,EE,ENC,LU,90,118,1450,1352,76.0,-10,10,30,15,45,17,53,18,57,19,61,2026-11-13,2026-06-07T21:49:51,https://www.eloratings.net/fixtures.tsv
2026,11,13,MD,KZ,ENC,MD,148,92,1265,1431,41.0,4,24,16,36,24,42,28,45,30,48,32,2026-11-13,2026-06-07T21:49:51,https://www.eloratings.net/fixtures.tsv
2026,11,13,SK,FO,ENC,SK,53,112,1667,1368,91.0,-16,4,36,5,55,6,64,7,68,7,73,2026-11-13,2026-06-07T21:49:51,https://www.eloratings.net/fixtures.tsv
2026,11,13,AD,GI,END,AD,175,183,1080,1011,73.0,-9,11,29,16,44,19,51,21,54,22,58,2026-11-13,2026-06-07T21:49:51,https://www.eloratings.net/fixtures.tsv
2026,11,13,LI,AZ,END,LI,199,128,895,1321,13.0,15,35,5,52,8,61,9,65,10,69,11,2026-11-13,2026-06-07T21:49:51,https://www.eloratings.net/fixtures.tsv
2026,11,14,NO,WA,ENA,NO,11,51,1914,1682,87.0,-15,5,35,8,52,9,61,10,65,10,70,2026-11-14,2026-06-07T21:49:51,https://www.eloratings.net/fixtures.tsv
2026,11,14,PT,DK,ENA,PT,6,19,1986,1869,78.0,-11,9,31,13,47,16,54,17,58,18,62,2026-11-14,2026-06-07T21:49:51,https://www.eloratings.net/fixtures.tsv
2026,11,14,AT,IE,ENB,AT,23,47,1830,1699,79.0,-12,8,32,13,47,15,55,16,59,17,63,2026-11-14,2026-06-07T21:49:51,https://www.eloratings.net/fixtures.tsv
2026,11,14,GE,HU,ENB,GE,55,45,1654,1707,57.0,-3,17,23,26,34,30,40,32,43,35,45,2026-11-14,2026-06-07T21:49:51,https://www.eloratings.net/fixtures.tsv
2026,11,14,KO,IL,ENB,KO,41,56,1715,1647,72.0,-9,11,29,17,43,19,51,21,54,22,58,2026-11-14,2026-06-07T21:49:51,https://www.eloratings.net/fixtures.tsv
2026,11,14,EI,UA,ENB,EI,64,27,1607,1780,40.0,4,24,16,36,24,42,28,45,30,48,32,2026-11-14,2026-06-07T21:49:51,https://www.eloratings.net/fixtures.tsv
2026,11,14,RO,PL,ENB,RO,57,43,1639,1710,54.0,-2,18,22,28,32,32,38,34,41,37,43,2026-11-14,2026-06-07T21:49:51,https://www.eloratings.net/fixtures.tsv
2026,11,14,SE,BA,ENB,SE,42,65,1712,1595,78.0,-11,9,31,13,47,16,54,17,58,18,62,2026-11-14,2026-06-07T21:49:51,https://www.eloratings.net/fixtures.tsv
2026,11,15,BE,IT,ENA,BE,15,19,1893,1869,67.0,-7,13,27,20,40,23,47,25,50,26,54,2026-11-15,2026-06-07T21:49:51,https://www.eloratings.net/fixtures.tsv
2026,11,15,HR,CZ,ENA,HR,12,35,1911,1740,83.0,-13,7,33,10,50,12,58,13,62,14,66,2026-11-15,2026-06-07T21:49:51,https://www.eloratings.net/fixtures.tsv
2026,11,15,FR,TR,ENA,FR,3,12,2062,1911,81.0,-12,8,32,11,49,13,57,14,61,15,65,2026-11-15,2026-06-07T21:49:51,https://www.eloratings.net/fixtures.tsv
2026,11,15,ES,EN,ENA,ES,1,4,2155,2021,79.0,-12,8,32,12,48,14,56,15,60,17,63,2026-11-15,2026-06-07T21:49:51,https://www.eloratings.net/fixtures.tsv
2026,11,15,BY,AL,ENC,,79,61,1525,1616,37.0,5,25,15,38,22,44,26,47,28,50,30,2026-11-15,2026-06-07T21:49:51,https://www.eloratings.net/fixtures.tsv
2026,11,15,CY,ME,ENC,CY,131,87,1314,1460,43.0,3,23,17,34,26,40,30,42,33,45,35,2026-11-15,2026-06-07T21:49:51,https://www.eloratings.net/fixtures.tsv
2026,11,15,FI,SM,ENC,FI,76,206,1536,826,99.1,-20,0,40,1,59,1,69,1,74,1,79,2026-11-15,2026-06-07T21:49:51,https://www.eloratings.net/fixtures.tsv
2026,11,15,LV,AM,ENC,LV,134,107,1305,1378,54.0,-2,18,22,28,32,32,38,35,40,37,43,2026-11-15,2026-06-07T21:49:51,https://www.eloratings.net/fixtures.tsv
2026,11,16,DE,NL,ENA,DE,10,8,1932,1944,62.0,-5,15,25,23,37,26,44,28,47,30,50,2026-11-16,2026-06-07T21:49:51,https://www.eloratings.net/fixtures.tsv
2026,11,16,GR,RS,ENA,GR,34,36,1744,1734,65.0,-6,14,26,21,39,24,46,26,49,28,52,2026-11-16,2026-06-07T21:49:51,https://www.eloratings.net/fixtures.tsv
2026,11,16,NM,SI,ENB,NM,66,51,1589,1682,51.0,0,20,20,29,31,34,36,37,38,39,41,2026-11-16,2026-06-07T21:49:51,https://www.eloratings.net/fixtures.tsv
2026,11,16,CH,SQ,ENB,CH,17,26,1891,1782,77.0,-11,9,31,14,46,16,54,17,58,18,62,2026-11-16,2026-06-07T21:49:51,https://www.eloratings.net/fixtures.tsv
2026,11,16,EE,BG,ENC,EE,118,88,1352,1458,49.0,0,20,20,31,29,36,34,38,37,41,39,2026-11-16,2026-06-07T21:49:51,https://www.eloratings.net/fixtures.tsv
2026,11,16,FO,MD,ENC,FO,112,148,1368,1265,76.0,-11,9,31,14,46,17,53,18,57,19,61,2026-11-16,2026-06-07T21:49:51,https://www.eloratings.net/fixtures.tsv
2026,11,16,IS,LU,ENC,IS,70,90,1569,1450,78.0,-11,9,31,13,47,15,55,17,58,18,62,2026-11-16,2026-06-07T21:49:51,https://www.eloratings.net/fixtures.tsv
2026,11,16,KZ,SK,ENC,KZ,92,53,1431,1667,31.0,7,27,13,41,19,48,22,51,24,55,25,2026-11-16,2026-06-07T21:49:51,https://www.eloratings.net/fixtures.tsv
2026,11,16,GI,MT,END,GI,183,149,1011,1255,30.0,8,28,12,42,18,49,21,52,23,56,24,2026-11-16,2026-06-07T21:49:51,https://www.eloratings.net/fixtures.tsv
2026,11,16,LT,LI,END,LT,143,199,1286,895,94.0,-18,2,38,3,57,4,66,4,71,4,76,2026-11-16,2026-06-07T21:49:51,https://www.eloratings.net/fixtures.tsv
2026,11,17,DK,NO,ENA,DK,19,11,1869,1914,58.0,-3,17,23,25,35,30,40,32,43,34,46,2026-11-17,2026-06-07T21:49:51,https://www.eloratings.net/fixtures.tsv
2026,11,17,WA,PT,ENA,WA,51,6,1682,1986,24.0,11,31,9,46,14,53,17,57,18,61,19,2026-11-17,2026-06-07T21:49:51,https://www.eloratings.net/fixtures.tsv
2026,11,17,BA,RO,ENB,BA,65,57,1595,1639,58.0,-3,17,23,25,35,29,41,32,43,34,46,2026-11-17,2026-06-07T21:49:51,https://www.eloratings.net/fixtures.tsv
2026,11,17,HU,EI,ENB,HU,45,64,1707,1607,76.0,-10,10,30,14,46,17,53,18,57,19,61,2026-11-17,2026-06-07T21:49:51,https://www.eloratings.net/fixtures.tsv
2026,11,17,IE,KO,ENB,IE,47,41,1699,1715,62.0,-5,15,25,23,37,27,43,29,46,31,49,2026-11-17,2026-06-07T21:49:51,https://www.eloratings.net/fixtures.tsv
2026,11,17,IL,AT,ENB,,56,23,1647,1830,26.0,10,30,10,44,16,52,18,56,19,59,21,2026-11-17,2026-06-07T21:49:51,https://www.eloratings.net/fixtures.tsv
2026,11,17,PL,SE,ENB,PL,43,42,1710,1712,64.0,-5,15,25,22,38,25,45,27,48,29,51,2026-11-17,2026-06-07T21:49:51,https://www.eloratings.net/fixtures.tsv
2026,11,17,UA,GE,ENB,,27,55,1780,1654,67.0,-7,13,27,20,40,23,47,24,51,26,54,2026-11-17,2026-06-07T21:49:51,https://www.eloratings.net/fixtures.tsv
2026,11,0,BW,UG,FQ,BW,147,102,1267,1394,46.0,2,22,18,32,28,38,32,40,35,43,37,2026-11-01,2026-06-07T21:49:51,https://www.eloratings.net/fixtures.tsv
2026,11,0,BI,ZM,FQ,BI,145,111,1285,1371,52.0,-1,19,21,29,31,34,36,36,39,38,42,2026-11-01,2026-06-07T21:49:51,https://www.eloratings.net/fixtures.tsv
2026,11,0,CF,BJ,FQ,CF,151,94,1241,1428,38.0,5,25,15,37,23,44,26,47,28,50,30,2026-11-01,2026-06-07T21:49:51,https://www.eloratings.net/fixtures.tsv
2026,11,0,CG,KM,FQ,CG,157,113,1207,1363,42.0,3,23,17,35,25,41,29,43,32,46,34,2026-11-01,2026-06-07T21:49:51,https://www.eloratings.net/fixtures.tsv
2026,11,0,ER,GN,FQ,ER,158,86,1201,1463,28.0,9,29,11,43,17,50,20,54,21,57,23,2026-11-01,2026-06-07T21:49:51,https://www.eloratings.net/fixtures.tsv
2026,11,0,ET,MZ,FQ,ET,139,118,1291,1352,56.0,-2,18,22,27,33,31,39,33,42,36,44,2026-11-01,2026-06-07T21:49:51,https://www.eloratings.net/fixtures.tsv
2026,11,0,GM,CI,FQ,GM,99,49,1419,1695,27.0,9,29,11,44,16,51,19,55,20,59,21,2026-11-01,2026-06-07T21:49:51,https://www.eloratings.net/fixtures.tsv
2026,11,0,GW,MG,FQ,GW,150,106,1248,1380,45.0,2,22,18,33,27,38,32,41,34,44,36,2026-11-01,2026-06-07T21:49:51,https://www.eloratings.net/fixtures.tsv
2026,11,0,KE,ZA,FQ,KE,113,77,1363,1528,41.0,4,24,16,36,24,41,29,44,31,47,33,2026-11-01,2026-06-07T21:49:51,https://www.eloratings.net/fixtures.tsv
2026,11,0,LS,GA,FQ,LS,159,101,1198,1401,36.0,6,26,14,39,21,45,25,48,27,52,28,2026-11-01,2026-06-07T21:49:51,https://www.eloratings.net/fixtures.tsv
2026,11,0,LR,CV,FQ,LR,139,68,1291,1578,25.0,10,30,10,45,15,52,18,56,19,60,20,2026-11-01,2026-06-07T21:49:51,https://www.eloratings.net/fixtures.tsv
2026,11,0,LY,TN,FQ,LY,98,59,1420,1628,35.0,6,26,14,39,21,46,24,49,26,52,28,2026-11-01,2026-06-07T21:49:51,https://www.eloratings.net/fixtures.tsv
2026,11,0,MW,EG,FQ,MW,153,48,1235,1696,11.0,16,36,4,53,7,62,8,67,8,71,9,2026-11-01,2026-06-07T21:49:51,https://www.eloratings.net/fixtures.tsv
2026,11,0,MR,BF,FQ,MR,130,78,1317,1526,35.0,6,26,14,39,21,46,24,49,26,52,28,2026-11-01,2026-06-07T21:49:51,https://www.eloratings.net/fixtures.tsv
2026,11,0,,CM,FQ,,135,62,1303,1613,23.0,11,31,9,46,14,54,16,58,17,62,18,2026-11-01,2026-06-07T21:49:51,https://www.eloratings.net/fixtures.tsv
2026,11,0,NE,MA,FQ,NE,102,24,1394,1827,13.0,15,35,5,52,8,61,9,65,10,70,10,2026-11-01,2026-06-07T21:49:51,https://www.eloratings.net/fixtures.tsv
2026,11,0,RW,ML,FQ,RW,125,67,1337,1588,30.0,8,28,12,42,18,49,21,53,22,56,24,2026-11-01,2026-06-07T21:49:51,https://www.eloratings.net/fixtures.tsv
2026,11,0,SL,CD,FQ,SL,117,54,1354,1661,23.0,11,31,9,46,14,54,16,58,17,61,19,2026-11-01,2026-06-07T21:49:51,https://www.eloratings.net/fixtures.tsv
2026,11,0,SO,GH,FQ,SO,189,81,979,1510,8.0,17,37,3,55,5,65,5,69,6,74,6,2026-11-01,2026-06-07T21:49:51,https://www.eloratings.net/fixtures.tsv
2026,11,0,SS,AO,FQ,SS,172,75,1109,1537,13.0,15,35,5,52,8,61,9,65,10,69,11,2026-11-01,2026-06-07T21:49:51,https://www.eloratings.net/fixtures.tsv
2026,11,0,SD,SN,FQ,SD,121,21,1350,1867,8.0,17,37,3,55,5,64,6,69,6,73,7,2026-11-01,2026-06-07T21:49:51,https://www.eloratings.net/fixtures.tsv
2026,11,0,TZ,NG,FQ,TZ,132,30,1313,1770,11.0,15,35,5,53,7,62,8,66,9,71,9,2026-11-01,2026-06-07T21:49:51,https://www.eloratings.net/fixtures.tsv
2026,11,0,TG,DZ,FQ,TG,116,32,1356,1760,15.0,14,34,6,51,9,60,10,64,11,68,12,2026-11-01,2026-06-07T21:49:51,https://www.eloratings.net/fixtures.tsv
2026,11,0,ZW,GQ,FQ,ZW,109,104,1372,1391,61.0,-5,15,25,23,37,27,43,29,46,31,49,2026-11-01,2026-06-07T21:49:51,https://www.eloratings.net/fixtures.tsv
2027,1,7,SA,PS,AC,SA,70,85,1569,1467,76.0,-13,12,38,18,57,21,67,22,71,24,76,2027-01-07,2026-06-07T21:49:51,https://www.eloratings.net/fixtures.tsv
2027,1,8,BH,KP,AC,SA,100,108,1414,1375,56.0,-3,22,28,33,42,39,49,42,52,44,56,2027-01-08,2026-06-07T21:49:51,https://www.eloratings.net/fixtures.tsv
2027,1,8,KW,OM,AC,SA,127,83,1331,1479,30.0,10,35,15,53,22,61,26,66,28,70,30,2027-01-08,2026-06-07T21:49:51,https://www.eloratings.net/fixtures.tsv
2027,1,8,UZ,JO,AC,SA,40,50,1718,1685,55.0,-2,23,27,34,41,40,48,42,51,45,55,2027-01-08,2026-06-07T21:49:51,https://www.eloratings.net/fixtures.tsv
2027,1,9,AU,SG,AC,SA,28,167,1777,1134,98.0,-24,1,49,2,73,2,85,2,91,2,98,2027-01-09,2026-06-07T21:49:51,https://www.eloratings.net/fixtures.tsv
2027,1,9,IR,CN,AC,SA,29,94,1772,1428,88.0,-19,6,44,9,66,11,77,11,82,12,88,2027-01-09,2026-06-07T21:49:51,https://www.eloratings.net/fixtures.tsv
2027,1,9,SY,KG,AC,SA,83,136,1479,1293,74.0,-12,13,37,19,56,22,65,24,70,26,74,2027-01-09,2026-06-07T21:49:51,https://www.eloratings.net/fixtures.tsv
2027,1,10,KR,YE,AC,SA,33,160,1758,1195,96.0,-23,2,48,3,72,3,84,4,90,4,96,2027-01-10,2026-06-07T21:49:51,https://www.eloratings.net/fixtures.tsv
2027,1,10,TJ,IQ,AC,SA,141,60,1290,1618,13.0,18,43,7,65,10,76,12,81,12,87,13,2027-01-10,2026-06-07T21:49:51,https://www.eloratings.net/fixtures.tsv
2027,1,10,AE,VN,AC,SA,74,120,1540,1351,75.0,-12,13,37,19,56,22,65,24,70,25,75,2027-01-10,2026-06-07T21:49:51,https://www.eloratings.net/fixtures.tsv
2027,1,11,JP,ID,AC,SA,14,115,1906,1362,96.0,-23,2,48,3,72,4,84,4,90,4,96,2027-01-11,2026-06-07T21:49:51,https://www.eloratings.net/fixtures.tsv
2027,1,11,QA,TH,AC,SA,97,109,1421,1372,57.0,-4,21,29,32,43,38,50,40,53,43,57,2027-01-11,2026-06-07T21:49:51,https://www.eloratings.net/fixtures.tsv
2027,1,12,PS,KW,AC,SA,85,127,1467,1331,69.0,-9,16,34,24,51,27,60,29,64,31,69,2027-01-12,2026-06-07T21:49:51,https://www.eloratings.net/fixtures.tsv
2027,1,12,SA,OM,AC,SA,70,83,1569,1479,75.0,-12,13,37,19,56,22,66,24,70,25,75,2027-01-12,2026-06-07T21:49:51,https://www.eloratings.net/fixtures.tsv
2027,1,13,JO,BH,AC,SA,50,100,1685,1414,83.0,-16,9,41,13,62,15,72,16,77,17,83,2027-01-13,2026-06-07T21:49:51,https://www.eloratings.net/fixtures.tsv
2027,1,13,KG,IR,AC,SA,136,29,1293,1772,6.0,22,47,3,71,4,82,5,88,6,94,6,2027-01-13,2026-06-07T21:49:51,https://www.eloratings.net/fixtures.tsv
2027,1,13,KP,UZ,AC,SA,108,40,1375,1718,12.0,19,44,6,66,9,77,11,82,11,88,12,2027-01-13,2026-06-07T21:49:51,https://www.eloratings.net/fixtures.tsv
2027,1,14,CN,SY,AC,SA,94,83,1428,1479,43.0,4,29,21,43,32,50,37,54,40,57,43,2027-01-14,2026-06-07T21:49:51,https://www.eloratings.net/fixtures.tsv
2027,1,14,IQ,AU,AC,SA,60,28,1618,1777,29.0,11,36,14,54,21,62,25,67,27,71,29,2027-01-14,2026-06-07T21:49:51,https://www.eloratings.net/fixtures.tsv
2027,1,14,SG,TJ,AC,SA,167,141,1134,1290,29.0,11,36,14,53,22,62,25,67,27,71,29,2027-01-14,2026-06-07T21:49:51,https://www.eloratings.net/fixtures.tsv
2027,1,15,AE,YE,AC,SA,74,160,1540,1195,88.0,-19,6,44,9,66,11,77,11,82,12,88,2027-01-15,2026-06-07T21:49:51,https://www.eloratings.net/fixtures.tsv
2027,1,15,VN,KR,AC,SA,120,33,1351,1758,9.0,21,46,4,68,7,80,8,86,8,91,9,2027-01-15,2026-06-07T21:49:51,https://www.eloratings.net/fixtures.tsv
2027,1,16,ID,QA,AC,SA,115,97,1362,1421,42.0,4,29,21,44,31,51,36,55,39,58,42,2027-01-16,2026-06-07T21:49:51,https://www.eloratings.net/fixtures.tsv
2027,1,16,TH,JP,AC,SA,109,14,1372,1906,4.0,23,48,2,72,3,84,4,90,4,96,4,2027-01-16,2026-06-07T21:49:51,https://www.eloratings.net/fixtures.tsv
2027,1,17,OM,PS,AC,SA,83,85,1479,1467,52.0,-1,24,26,36,39,42,45,45,48,48,52,2027-01-17,2026-06-07T21:49:51,https://www.eloratings.net/fixtures.tsv
2027,1,17,SA,KW,AC,SA,70,127,1569,1331,87.0,-19,6,44,9,66,11,77,12,82,13,87,2027-01-17,2026-06-07T21:49:51,https://www.eloratings.net/fixtures.tsv
2027,1,18,IR,SY,AC,SA,29,83,1772,1479,84.0,-17,8,42,12,63,14,74,15,79,16,84,2027-01-18,2026-06-07T21:49:51,https://www.eloratings.net/fixtures.tsv
2027,1,18,KG,CN,AC,SA,136,94,1293,1428,31.0,9,34,16,51,24,60,28,64,30,69,31,2027-01-18,2026-06-07T21:49:51,https://www.eloratings.net/fixtures.tsv
2027,1,18,KP,JO,AC,SA,108,50,1375,1685,14.0,18,43,7,64,11,75,13,80,13,86,14,2027-01-18,2026-06-07T21:49:51,https://www.eloratings.net/fixtures.tsv
2027,1,18,UZ,BH,AC,SA,40,100,1718,1414,85.0,-18,7,43,11,64,13,75,14,80,15,85,2027-01-18,2026-06-07T21:49:51,https://www.eloratings.net/fixtures.tsv
2027,1,19,AU,TJ,AC,SA,28,141,1777,1290,94.0,-22,3,47,4,71,5,83,5,88,6,94,2027-01-19,2026-06-07T21:49:51,https://www.eloratings.net/fixtures.tsv
2027,1,19,IQ,SG,AC,SA,60,167,1618,1134,94.0,-22,3,47,4,71,5,82,5,88,6,94,2027-01-19,2026-06-07T21:49:51,https://www.eloratings.net/fixtures.tsv
2027,1,20,JP,QA,AC,SA,14,97,1906,1421,94.0,-22,3,47,4,71,5,82,5,88,6,94,2027-01-20,2026-06-07T21:49:51,https://www.eloratings.net/fixtures.tsv
2027,1,20,KR,AE,AC,SA,33,74,1758,1540,78.0,-14,11,39,17,58,19,68,21,73,22,78,2027-01-20,2026-06-07T21:49:51,https://www.eloratings.net/fixtures.tsv
2027,1,20,TH,ID,AC,SA,109,115,1372,1362,51.0,-1,24,26,36,39,42,45,46,48,49,51,2027-01-20,2026-06-07T21:49:51,https://www.eloratings.net/fixtures.tsv
2027,1,20,VN,YE,AC,SA,120,160,1351,1195,71.0,-11,14,36,22,53,25,62,27,67,29,71,2027-01-20,2026-06-07T21:49:51,https://www.eloratings.net/fixtures.tsv
2027,3,0,AO,EG,FQ,AO,75,48,1537,1696,42.0,3,23,17,35,25,41,29,44,31,47,33,2027-03-01,2026-06-07T21:49:51,https://www.eloratings.net/fixtures.tsv
2027,3,0,BJ,BF,FQ,BJ,94,78,1428,1526,50.0,0,20,20,30,30,35,35,37,38,40,40,2027-03-01,2026-06-07T21:49:51,https://www.eloratings.net/fixtures.tsv
2027,3,0,BW,LY,FQ,BW,147,98,1267,1420,42.0,3,23,17,35,25,40,30,43,32,46,34,2027-03-01,2026-06-07T21:49:51,https://www.eloratings.net/fixtures.tsv
2027,3,0,BI,TG,FQ,BI,145,116,1285,1356,54.0,-2,18,22,28,32,32,38,34,41,37,43,2027-03-01,2026-06-07T21:49:51,https://www.eloratings.net/fixtures.tsv
2027,3,0,CV,ML,FQ,CV,68,67,1578,1588,63.0,-5,15,25,22,38,26,44,28,47,30,50,2027-03-01,2026-06-07T21:49:51,https://www.eloratings.net/fixtures.tsv
2027,3,0,CF,MR,FQ,CF,151,130,1241,1317,53.0,-1,19,21,28,32,33,37,35,40,37,43,2027-03-01,2026-06-07T21:49:51,https://www.eloratings.net/fixtures.tsv
2027,3,0,KM,CM,FQ,KM,113,62,1363,1613,30.0,8,28,12,42,18,49,21,53,22,56,24,2027-03-01,2026-06-07T21:49:51,https://www.eloratings.net/fixtures.tsv
2027,3,0,CG,,FQ,CG,157,135,1207,1303,51.0,0,20,20,30,30,35,35,37,38,40,40,2027-03-01,2026-06-07T21:49:51,https://www.eloratings.net/fixtures.tsv
2027,3,0,GQ,CD,FQ,GQ,104,54,1391,1661,27.0,9,29,11,44,16,51,19,55,20,58,22,2027-03-01,2026-06-07T21:49:51,https://www.eloratings.net/fixtures.tsv
2027,3,0,ER,KE,FQ,ER,158,113,1201,1363,41.0,4,24,16,35,25,41,29,44,31,47,33,2027-03-01,2026-06-07T21:49:51,https://www.eloratings.net/fixtures.tsv
2027,3,0,ET,SD,FQ,ET,139,121,1291,1350,56.0,-2,18,22,26,34,31,39,33,42,35,45,2027-03-01,2026-06-07T21:49:51,https://www.eloratings.net/fixtures.tsv
2027,3,0,GA,MA,FQ,GA,101,24,1401,1827,13.0,15,35,5,52,8,61,9,65,10,69,11,2027-03-01,2026-06-07T21:49:51,https://www.eloratings.net/fixtures.tsv
2027,3,0,GH,CI,FQ,GH,81,49,1510,1695,38.0,5,25,15,37,23,43,27,46,29,50,30,2027-03-01,2026-06-07T21:49:51,https://www.eloratings.net/fixtures.tsv
2027,3,0,GW,TZ,FQ,GW,150,132,1248,1313,55.0,-2,18,22,27,33,31,39,34,41,36,44,2027-03-01,2026-06-07T21:49:51,https://www.eloratings.net/fixtures.tsv
2027,3,0,GN,ZA,FQ,GN,86,77,1463,1528,55.0,-2,18,22,27,33,31,39,34,41,36,44,2027-03-01,2026-06-07T21:49:51,https://www.eloratings.net/fixtures.tsv
2027,3,0,LS,NE,FQ,LS,159,102,1198,1394,37.0,5,25,15,38,22,44,26,48,27,51,29,2027-03-01,2026-06-07T21:49:51,https://www.eloratings.net/fixtures.tsv
2027,3,0,LR,RW,FQ,LR,139,125,1291,1337,58.0,-3,17,23,25,35,30,40,32,43,34,46,2027-03-01,2026-06-07T21:49:51,https://www.eloratings.net/fixtures.tsv
2027,3,0,MG,NG,FQ,MG,106,30,1380,1770,16.0,14,34,6,50,10,59,11,63,12,67,13,2027-03-01,2026-06-07T21:49:51,https://www.eloratings.net/fixtures.tsv
2027,3,0,MZ,SN,FQ,MZ,118,21,1352,1867,8.0,17,37,3,55,5,64,6,69,6,73,7,2027-03-01,2026-06-07T21:49:51,https://www.eloratings.net/fixtures.tsv
2027,3,0,SO,GM,FQ,SO,189,99,979,1419,12.0,15,35,5,53,7,61,9,66,9,70,10,2027-03-01,2026-06-07T21:49:51,https://www.eloratings.net/fixtures.tsv
2027,3,0,SS,MW,FQ,SS,172,153,1109,1235,46.0,1,21,19,32,28,38,32,40,35,43,37,2027-03-01,2026-06-07T21:49:51,https://www.eloratings.net/fixtures.tsv
2027,3,0,UG,TN,FQ,UG,102,59,1394,1628,32.0,7,27,13,41,19,48,22,51,24,55,25,2027-03-01,2026-06-07T21:49:51,https://www.eloratings.net/fixtures.tsv
2027,3,0,ZM,DZ,FQ,ZM,111,32,1371,1760,16.0,14,34,6,50,10,59,11,63,12,67,13,2027-03-01,2026-06-07T21:49:51,https://www.eloratings.net/fixtures.tsv
2027,3,0,ZW,SL,FQ,ZW,109,117,1372,1354,66.0,-7,13,27,20,40,24,46,25,50,27,53,2027-03-01,2026-06-07T21:49:51,https://www.eloratings.net/fixtures.tsv
2027,3,0,DZ,BI,FQ,DZ,32,145,1760,1285,96.0,-19,1,39,2,58,2,68,3,72,3,77,2027-03-01,2026-06-07T21:49:51,https://www.eloratings.net/fixtures.tsv
2027,3,0,BF,CF,FQ,BF,78,151,1526,1241,90.0,-16,4,36,6,54,7,63,7,68,8,72,2027-03-01,2026-06-07T21:49:51,https://www.eloratings.net/fixtures.tsv
2027,3,0,CM,CG,FQ,CM,62,157,1613,1207,95.0,-18,2,38,3,57,4,66,4,71,4,76,2027-03-01,2026-06-07T21:49:51,https://www.eloratings.net/fixtures.tsv
2027,3,0,CD,ZW,FQ,CD,54,109,1661,1372,90.0,-16,4,36,6,54,7,63,7,68,8,72,2027-03-01,2026-06-07T21:49:51,https://www.eloratings.net/fixtures.tsv
2027,3,0,EG,SS,FQ,EG,48,172,1696,1109,98.1,-19,1,39,1,59,1,69,1,74,2,78,2027-03-01,2026-06-07T21:49:51,https://www.eloratings.net/fixtures.tsv
2027,3,0,GM,GH,FQ,GM,99,81,1419,1510,51.0,-1,19,21,29,31,34,36,37,38,39,41,2027-03-01,2026-06-07T21:49:51,https://www.eloratings.net/fixtures.tsv
2027,3,0,CI,SO,FQ,CI,49,189,1695,979,99.1,-20,0,40,1,59,1,69,1,74,1,79,2027-03-01,2026-06-07T21:49:51,https://www.eloratings.net/fixtures.tsv
2027,3,0,KE,GN,FQ,KE,113,86,1363,1463,50.0,0,20,20,30,30,35,35,38,38,40,40,2027-03-01,2026-06-07T21:49:51,https://www.eloratings.net/fixtures.tsv
2027,3,0,LY,UG,FQ,LY,98,102,1420,1394,67.0,-7,13,27,20,40,23,47,24,51,26,54,2027-03-01,2026-06-07T21:49:51,https://www.eloratings.net/fixtures.tsv
2027,3,0,MW,AO,FQ,MW,153,75,1235,1537,24.0,10,30,10,46,14,53,17,57,18,61,19,2027-03-01,2026-06-07T21:49:51,https://www.eloratings.net/fixtures.tsv
2027,3,0,ML,LR,FQ,ML,67,139,1588,1291,91.0,-16,4,36,6,54,6,64,7,68,7,73,2027-03-01,2026-06-07T21:49:51,https://www.eloratings.net/fixtures.tsv
2027,3,0,MR,BJ,FQ,MR,130,94,1317,1428,48.0,1,21,19,31,29,36,34,39,36,41,39,2027-03-01,2026-06-07T21:49:51,https://www.eloratings.net/fixtures.tsv
2027,3,0,MA,LS,FQ,MA,24,159,1827,1198,98.5,-19,1,39,1,59,1,69,1,74,1,79,2027-03-01,2026-06-07T21:49:51,https://www.eloratings.net/fixtures.tsv
2027,3,0,,KM,FQ,,135,113,1303,1363,56.0,-2,18,22,27,33,31,39,33,42,35,45,2027-03-01,2026-06-07T21:49:51,https://www.eloratings.net/fixtures.tsv
2027,3,0,NE,GA,FQ,NE,102,101,1394,1401,63.0,-5,15,25,22,38,26,44,28,47,30,50,2027-03-01,2026-06-07T21:49:51,https://www.eloratings.net/fixtures.tsv
2027,3,0,NG,GW,FQ,NG,30,150,1770,1248,97.0,-19,1,39,2,58,2,68,2,73,2,78,2027-03-01,2026-06-07T21:49:51,https://www.eloratings.net/fixtures.tsv
2027,3,0,RW,CV,FQ,RW,125,68,1337,1578,31.0,8,28,12,42,18,48,22,52,23,55,25,2027-03-01,2026-06-07T21:49:51,https://www.eloratings.net/fixtures.tsv
2027,3,0,SN,ET,FQ,SN,21,139,1867,1291,98.0,-19,1,39,1,59,1,69,2,73,2,78,2027-03-01,2026-06-07T21:49:51,https://www.eloratings.net/fixtures.tsv
2027,3,0,SL,GQ,FQ,SL,117,104,1354,1391,59.0,-4,16,24,25,35,29,41,31,44,33,47,2027-03-01,2026-06-07T21:49:51,https://www.eloratings.net/fixtures.tsv
2027,3,0,ZA,ER,FQ,ZA,77,158,1528,1201,92.0,-17,3,37,5,55,6,64,6,69,6,74,2027-03-01,2026-06-07T21:49:51,https://www.eloratings.net/fixtures.tsv
2027,3,0,SD,MZ,FQ,SD,121,118,1350,1352,64.0,-5,15,25,22,38,25,45,27,48,29,51,2027-03-01,2026-06-07T21:49:51,https://www.eloratings.net/fixtures.tsv
2027,3,0,TZ,MG,FQ,TZ,132,106,1313,1380,55.0,-2,18,22,27,33,32,38,34,41,36,44,2027-03-01,2026-06-07T21:49:51,https://www.eloratings.net/fixtures.tsv
2027,3,0,TG,ZM,FQ,TG,116,111,1356,1371,62.0,-5,15,25,23,37,27,43,29,46,30,50,2027-03-01,2026-06-07T21:49:51,https://www.eloratings.net/fixtures.tsv
2027,3,0,TN,BW,FQ,TN,59,147,1628,1267,93.0,-17,3,37,4,56,5,65,5,70,5,75,2027-03-01,2026-06-07T21:49:51,https://www.eloratings.net/fixtures.tsv
